spp_name_lt,Mėginio nr,kodas,total_length,lc,std_length,fish_weight,vnt.,sex_en,month,age_scales,age_scales2,age_difference,age_Elyza,age_Egle,season
Karsis,1,42310001,52,,42.5,1774,,9,7,,,0,,,Summer
Karsis,2,42310002,55,,47,2061,,9,7,,,0,,,Summer
Karsis,3,42310003,54.5,,44.4,1791,,9,7,,,0,,,Summer
Karsis,4,42310004,48.5,,40,1300,,1,7,,,0,,,Summer
Karsis,5,42310005,50.3,,42,1588,,1,7,,,0,,,Summer
Karsis,6,42310006,45.3,,36.5,1335,,1,7,,,0,,,Summer
Karsis,7,42310007,47,,38,1347,,1,7,,,0,,,Summer
Karsis,8,42310008,49,,40,1395,,9,7,,,0,,,Summer
Karsis,9,42310009,49.8,,40,1355,,9,7,,,0,,,Summer
Karsis,10,42310010,45.5,,35.5,1081,,1,7,,,0,,,Summer
Karsis,11,42310011,49.7,,40,1560,,9,7,,,0,,,Summer
Karsis,12,42310012,49,,40,1677,,1,7,,,0,,,Summer
Karsis,13,42310013,49.3,,40.5,1477,,1,7,,,0,,,Summer
Karsis,14,42310014,47,,38,1474,,1,7,,,0,,,Summer
Karsis,15,42310015,51.5,,40.3,1480,,9,7,,,0,,,Summer
Karsis,16,42310016,45.3,,37,1088,,1,7,,,0,,,Summer
Karsis,17,42310017,47.5,,38.5,1190,,9,7,,,0,,,Summer
Karsis,18,42310018,44.5,,36.5,1115,,1,7,,,0,,,Summer
Karsis,19,42310019,55,,44.5,1462,,9,7,,,0,,,Summer
Karsis,20,42310020,47.5,,39.5,1453,,9,7,,,0,,,Summer
Karsis,21,42310021,45.5,,37,1075,,1,7,,,0,,,Summer
Karsis,22,42310022,47,,38.5,1233,,1,7,,,0,,,Summer
Karsis,23,42310023,52,,42,1832,,9,7,,,0,,,Summer
Karsis,24,42310024,45.5,,36.3,1012,,9,7,,,0,,,Summer
Karsis,25,42310025,44.5,,35.3,982,,1,7,,,0,,,Summer
Karsis,26,42310026,44.5,,36.3,1027,,1,7,,,0,,,Summer
Karsis,27,42310027,55,,46,2106,,9,7,,,0,,,Summer
Karsis,28,42310028,46.5,,37.3,1216,,1,7,,,0,,,Summer
Karsis,29,42310029,46.3,,38,1333,,9,7,,,0,,,Summer
Karsis,30,42310030,48,,39,1364,,9,7,,,0,,,Summer
Karsis,31,42310031,48.8,,40,1373,,9,7,,,0,,,Summer
Karsis,32,42310032,50,,41,1287,,1,7,,,0,,,Summer
Karsis,33,42310033,45,,36,1233,,1,7,,,0,,,Summer
Karsis,34,42310034,46.5,,38,1258,,1,7,,,0,,,Summer
Karsis,35,42310035,48.5,,38.5,1164,,9,7,,,0,,,Summer
Karsis,36,42310036,42.3,,34.5,972,,9,7,,,0,,,Summer
Karsis,37,42310037,46.5,,38,1250,,1,7,13,,13,10,12,Summer
Karsis,38,42310038,44.7,,37.5,1211,,1,7,13,,13,9,10,Summer
Karsis,39,42310039,43.3,,35,1042,,1,7,12,,12,8,10,Summer
Karsis,40,42310040,45,,37,1207,,1,7,13,,13,9,11,Summer
Karsis,41,42310041,43.8,,36,1123,,9,7,11,,11,8,11,Summer
Karsis,42,42310042,46.3,,36.5,1144,,9,7,12,,12,,11,Summer
Karsis,43,42310043,46.5,,38,1295,,1,7,12,,12,9,10,Summer
Karsis,44,42310044,48,,39,1343,,9,7,14,,14,13,16,Summer
Karsis,45,42310045,54.5,,44,1875,,1,7,15,,15,15,22,Summer
Karsis,46,42310046,51.5,,43.5,1808,,9,7,14,,14,13,16,Summer
Karsis,47,42310047,40.3,,36.5,1149,,9,7,10,,10,10,11,Summer
Karsis,48,42310048,51.5,,43,1812,,9,7,15,,15,13,15,Summer
Karsis,49,42310049,47,,37,1164,,9,7,,,0,,,Summer
Karsis,50,42310050,48.5,,39.5,1484,,1,7,,,0,,,Summer
Karsis,51,42310051,50,,41,1507,,9,7,,,0,,,Summer
Karsis,52,42310052,45.5,,37.5,1171,,9,7,,,0,,,Summer
Karsis,53,42310053,44.5,,36,1050,,9,7,,,0,,,Summer
Karsis,54,42310054,43,,34.5,1029,,1,7,,,0,,,Summer
Karsis,55,42310055,48,,39,1287,,1,7,,,0,,,Summer
Karsis,56,42310056,46,,37,1122,,9,7,,,0,,,Summer
Karsis,57,42310057,47,,38.5,1317,,9,7,,,0,,,Summer
Karsis,58,42310058,51,,41.5,1387,,9,7,,,0,,,Summer
Karsis,59,42310059,53,,44,2186,,9,7,,,0,,,Summer
Karsis,60,42310060,48,,38.5,1363,,9,7,,,0,,,Summer
Karsis,61,42310061,55,,45,1934,,9,7,,,0,,,Summer
Karsis,62,42310062,49.8,,40,1610,,9,7,,,0,,,Summer
Karsis,63,42310063,43.5,,36,1130,,1,7,,,0,,,Summer
Karsis,64,42310064,47,,38,1088,,1,7,,,0,,,Summer
Karsis,65,42310065,45.2,,36.5,1027,,1,7,,,0,,,Summer
Karsis,66,42310066,43.8,,35.5,989,,1,7,,,0,,,Summer
Karsis,67,42310067,46.5,,37.5,1253,,1,7,,,0,,,Summer
Karsis,68,42310068,45,,37.5,1272,,1,7,,,0,,,Summer
Karsis,69,42310069,43,,36.5,1008,,1,7,,,0,,,Summer
Karsis,70,42310070,42.3,,33.7,924,,1,7,,,0,,,Summer
Karsis,71,42310071,43.8,,35.5,1056,,9,7,,,0,,,Summer
Karsis,72,42310072,45,,36.5,992,,9,7,,,0,,,Summer
Karsis,73,42310073,43.3,,35,884,,9,7,,,0,,,Summer
Karsis,74,42310074,43.5,,35,962,,9,7,,,0,,,Summer
Karsis,75,42310075,41.5,,33.5,901,,1,7,,,0,,,Summer
Karsis,76,42310076,46.5,,37.5,990,,9,7,,,0,,,Summer
Karsis,77,42310077,42.3,,34.5,903,,1,7,,,0,,,Summer
Karsis,78,42310078,44.5,,35.5,973,,9,7,,,0,,,Summer
Karsis,79,42310079,42.3,,35,948,,1,7,,,0,,,Summer
Karsis,80,42310080,41.7,,34,871,,9,7,,,0,,,Summer
Karsis,81,42310081,42,,34,894,,9,7,,,0,,,Summer
Karsis,82,42310082,43.7,,35.5,942,,9,7,,,0,,,Summer
Karsis,83,42310083,43.5,,35,984,,1,7,,,0,,,Summer
Karsis,84,42310084,44.5,,36.5,1022,,9,7,,,0,,,Summer
Karsis,85,42310085,44.5,,35,1035,,9,7,,,0,,,Summer
Karsis,86,42310086,42.5,,35,961,,9,7,,,0,,,Summer
Karsis,87,42310087,43,,35,817,,9,7,,,0,,,Summer
Karsis,88,42310088,43.5,,35,966,,1,7,,,0,,,Summer
Karsis,89,42310089,44,,35,1002,,1,7,,,0,,,Summer
Karsis,90,42310090,41,,32.5,833,,9,7,,,0,,,Summer
Karsis,91,42310091,42.3,,34.5,916,,9,7,,,0,,,Summer
Karsis,92,42310092,41.5,,34,819,,9,7,,,0,,,Summer
Karsis,93,42310093,43.5,,35,966,,9,7,,,0,,,Summer
Karsis,94,42310094,42.7,,34.5,890,,1,7,,,0,,,Summer
Karsis,95,42310095,43.3,,35,955,,9,7,,,0,,,Summer
Karsis,96,42310096,45.5,,36,937,,1,7,,,0,,,Summer
Karsis,97,42310097,42,,34,891,,9,7,,,0,,,Summer
Karsis,98,42310098,44.3,,36,975,,1,7,,,0,,,Summer
Karsis,99,42310099,42,,33.5,894,,9,7,,,0,,,Summer
Karsis,100,42310100,43.5,,35,906,,1,7,,,0,,,Summer
Karsis,101,42310101,44.5,,35.8,860,,9,7,,,0,,,Summer
Karsis,102,42310102,42.7,,34.5,853,,9,7,,,0,,,Summer
Karsis,103,42310103,42.5,,34,802,,1,7,,,0,,,Summer
Karsis,104,42310104,42,,35,862,,1,7,,,0,,,Summer
Karsis,105,42310105,43,,34.3,889,,1,7,,,0,,,Summer
Karsis,106,42310106,44.4,,,962,,1,7,,,0,,,Summer
Karsis,107,42310107,41.3,,33,829,,1,7,,,0,,,Summer
Karsis,108,42310108,41.5,,33,766,,1,7,,,0,,,Summer
Karsis,109,42310109,41.5,,33.5,817,,9,7,9,,9,8,12,Summer
Karsis,110,42310110,41.8,,34,865,,1,7,9,,9,9,9,Summer
Karsis,111,42310111,38.5,,30.5,657,,1,7,8,,8,9,9,Summer
Karsis,112,42310112,41.3,,33.5,703,,1,7,8,,8,8,9,Summer
Karsis,113,42310113,37.3,,29.5,620,,9,7,7,,7,7,7,Summer
Karsis,114,42310114,39,,31,670,,9,7,8,,8,7,11,Summer
Karsis,115,42310115,39,,31,592,,9,7,8,,8,7,9,Summer
Karsis,116,42310116,40,,31,663,,9,7,8,,8,7,11,Summer
Karsis,117,42310117,38,,31,691,,9,7,8,,8,7,10,Summer
Karsis,118,42310118,38.5,,31,611,,9,7,8,,8,5,8,Summer
Karsis,119,42310119,40,,32,674,,1,7,9,,9,10,11,Summer
Karsis,120,42310120,37.5,,30.5,658,,9,7,8,,8,8,12,Summer
Karsis,121,42310121,39.8,,32.3,697,,9,7,8,,8,7,8,Summer
Karsis,122,42310122,41,,33,780,,1,7,8,,8,8,8,Summer
Karsis,123,42310123,41.8,,33.8,763,,9,7,8,,8,7,9,Summer
Karsis,124,42310124,45.5,,36.5,744,,9,7,11,,11,,11,Summer
Karsis,125,42310125,41.5,,34,805,,1,7,9,,9,,,Summer
Karsis,126,42310126,39.5,,31.5,729,,1,7,8,,8,,,Summer
Karsis,127,42310127,40.3,,33,778,,9,7,,,0,,,Summer
Karsis,128,42310128,40.5,,33,804,,1,7,,,0,,,Summer
Karsis,129,42310129,40.5,,32,716,,1,7,,,0,,,Summer
Karsis,130,42310130,40.3,,32.7,737,,9,7,,,0,,,Summer
Karsis,131,42310131,41.5,,34.5,845,,1,7,,,0,,,Summer
Karsis,132,42310132,41,,33.5,748,,1,7,,,0,,,Summer
Karsis,133,42310133,40.8,,32.5,711,,1,7,,,0,,,Summer
Karsis,134,42310134,41.5,,33,649,,1,7,,,0,,,Summer
Karsis,135,42310135,38.7,,30.7,589,,9,7,,,0,,,Summer
Karsis,136,42310136,40.2,,32.5,851,,9,7,,,0,,,Summer
Karsis,137,42310137,37,,29.5,620,,9,7,,,0,,,Summer
Karsis,138,42310138,38.5,,30.5,644,,1,7,,,0,,,Summer
Karsis,139,42310139,39.8,,31,545,,9,7,,,0,,,Summer
Karsis,140,42310140,36,,28.8,515,,1,7,,,0,,,Summer
Karsis,141,42310141,37.8,,29,517,,9,7,,,0,,,Summer
Karsis,142,42310142,37.1,,29.5,540,,9,7,,,0,,,Summer
Karsis,143,42310143,34,,27,431,,1,7,,,0,,,Summer
Karsis,144,42310144,36.5,,28.8,484,,9,7,,,0,,,Summer
Karsis,145,42310145,35.5,,27.5,449,,1,7,,,0,,,Summer
Karsis,146,42310146,22.8,,23.5,215,,1,7,,,0,,,Summer
Karsis,147,42310147,27.5,,21.7,150,,5,7,,,0,,,Summer
Karsis,148,42310148,17.3,,13.5,54,,5,7,,,0,,,Summer
Karsis,149,42310149,29,,22.3,167,,5,7,,,0,,,Summer
Karsis,150,42310150,19,,15,79,,5,7,,,0,,,Summer
Karsis,151,42310151,16.5,,13.3,47,,5,7,,,0,,,Summer
Karsis,152,42310152,36.8,,29.5,624,,1,7,,,0,,,Summer
Karsis,153,42310153,36.5,,30,429,,9,7,,,0,,,Summer
Karsis,154,42310154,38.5,,30.7,477,,1,7,,,0,,,Summer
Karsis,155,42310155,35.2,,27.7,447,,1,7,,,0,,,Summer
Karsis,156,42310156,40,,31.5,553,,1,7,,,0,,,Summer
Karsis,157,42310157,36.3,,29.5,538,,9,7,,,0,,,Summer
Karsis,158,42310158,34,,26.5,377,,9,7,,,0,,,Summer
Karsis,159,42310159,37.2,,29,550,,9,7,,,0,,,Summer
Karsis,160,42310160,34,,26,340,,1,7,,,0,,,Summer
Karsis,161,42310161,32.5,,25.5,395,,9,7,,,0,,,Summer
Karsis,162,42310162,38.5,,30,556,,1,7,,,0,,,Summer
Karsis,163,42310163,38.5,,30.5,566,,9,7,,,0,,,Summer
Karsis,164,42310164,34,,27.5,457,,9,7,,,0,,,Summer
Karsis,165,42310165,39.2,,31,647,,1,7,,,0,,,Summer
Karsis,166,42310166,37,,30,647,,9,7,,,0,,,Summer
Karsis,167,42310167,40,,32,631,,1,7,,,0,,,Summer
Karsis,168,42310168,35.3,,28.5,496,,9,7,,,0,,,Summer
Karsis,169,42310169,35.8,,28,529,,9,7,,,0,,,Summer
Karsis,170,42310170,36.8,,29.2,407,,9,7,,,0,,,Summer
Starkis,1,52310001,39.8,,34.5,510,,9,7,4,,4,2,3,Summer
Starkis,2,52310002,37.5,,32.5,422,,9,7,4,,4,2,2,Summer
Starkis,3,52310003,35.3,,30.5,364,,1,7,3,,3,2,2,Summer
Starkis,4,52310004,36,,31,379,,1,7,3,,3,2,2,Summer
Starkis,5,52310005,28.2,,24.4,183,,1,7,3,,3,1,1,Summer
Starkis,6,52310006,36.6,,31.5,430,,1,7,4,,4,2,3,Summer
Starkis,7,52310007,34,,29.5,243,,1,7,3,,3,2,2,Summer
Starkis,8,52310008,31.6,,27,247,,9,7,3,,3,2,2,Summer
Starkis,9,52310009,38.3,,33.5,484,,9,7,4,,4,2,3,Summer
Starkis,10,52310010,38.7,,33.5,488,,9,7,4,,4,2,2,Summer
Starkis,11,52310011,49.5,,43,1122,,1,7,6,,6,3,3,Summer
Eserys,1,50310001,33.2,,28.5,552,,9,7,11,12,11,5,6,Summer
Eserys,2,50310002,26.5,,23.5,283,,9,7,8,,8,2,2,Summer
Eserys,3,50310003,24.5,,21.5,201,,9,7,8,,8,2,3,Summer
Eserys,4,50310004,24.8,,21.5,213,,9,7,8,,8,2,3,Summer
Eserys,5,50310005,24,,21,214,,1,7,8,8,8,3,3,Summer
Eserys,6,50310006,24.4,,21,205,,1,7,8,,8,3,3,Summer
Eserys,7,50310007,23,,20,180,,9,7,7,,7,2,2,Summer
Eserys,8,50310008,23.8,,20.5,181,,9,7,7,,7,3,3,Summer
Eserys,9,50310009,21,,18.5,130,,9,7,6,6,6,2,2,Summer
Eserys,10,50310010,20.2,,18.5,119,,9,7,6,6,6,2,2,Summer
Eserys,11,50310011,20.6,,18.1,127,,9,7,6,6,6,2,2,Summer
Eserys,12,50310012,19.5,,17.3,97,,9,7,6,6,6,2,2,Summer
Kuoja,1,40310001,28.1,,23,296,,9,7,10,10,10,6,5,Summer
Kuoja,2,40310002,30.6,,25.6,388,,9,7,13,,13,8,7,Summer
Kuoja,3,40310003,26,,21.2,267,,9,7,10,,10,5,4,Summer
Kuoja,4,40310004,22,,17.8,134,,1,7,8,,8,4,5,Summer
Kuoja,5,40310005,25.2,,20.6,193,,9,7,9,,9,4,4,Summer
Kuoja,6,40310006,24.3,,20,173,,9,7,9,,9,4,4,Summer
Kuoja,7,40310007,28.8,,24,322,,9,7,11,,11,5,5,Summer
Kuoja,8,40310008,24.2,,19.3,150,,1,7,9,,9,7,7,Summer
Kuoja,9,40310009,25.4,,20.7,206,,1,7,9,,9,6,,Summer
Kuoja,10,40310010,22,,18,136,,9,7,7,,7,4,5,Summer
Kuoja,11,40310011,29,,24,345,,9,7,12,,12,6,6,Summer
Kuoja,12,40310012,24.3,,20.1,182,,1,7,9,,9,5,5,Summer
Kuoja,13,40310013,25.7,,21.1,217,,9,7,10,,10,5,5,Summer
Kuoja,14,40310014,22.5,,18.6,135,,9,7,8,,8,3,4,Summer
Kuoja,15,40310015,22,,17.8,130,,1,7,8,,8,4,3,Summer
Kuoja,16,40310016,22.3,,18.6,147,,1,7,8,,8,5,7,Summer
Kuoja,17,40310017,22,,18,124,,9,7,7,,7,4,4,Summer
Kuoja,18,40310018,21.3,,17.3,121,,1,7,7,,7,4,3,Summer
Kuoja,19,40310019,20.7,,17,107,,9,7,7,,7,3,3,Summer
Kuoja,20,40310020,20.7,,16.8,111,,9,7,6,,6,,3,Summer
Kuoja,21,40310021,22,,18,134,,9,7,7,,7,3,3,Summer
Kuoja,22,40310022,20.9,,17.1,101,,9,7,6,,6,3,3,Summer
Kuoja,23,40310023,20.7,,17,110,,9,7,7,,7,3,3,Summer
Kuoja,24,40310024,20.2,,16.5,98,,1,7,7,,7,3,3,Summer
Kuoja,25,40310025,18.7,,15.2,74,,1,7,6,,6,2,2,Summer
Kuoja,26,40310026,21.2,,17.5,115,,9,7,7,,7,3,3,Summer
Kuoja,27,40310027,22,,18,131,,1,7,9,,9,6,6,Summer
Kuoja,28,40310028,20.5,,17,109,,9,7,7,,7,4,3,Summer
Kuoja,29,40310029,19.6,,16,96,,9,7,7,,7,3,3,Summer
Kuoja,30,40310030,18.8,,15.3,82,,1,7,7,,7,2,2,Summer
Kuoja,31,40310031,19.3,,15.8,93,,9,7,7,,7,3,3,Summer
Kuoja,32,40310032,18.2,,14.7,75,,1,7,6,,6,3,3,Summer
Kuoja,33,40310033,20.3,,16.6,95,,9,7,7,,7,3,3,Summer
Kuoja,34,40310034,18,,14.5,70,,9,7,5,,5,3,4,Summer
Kuoja,35,40310035,19.5,,15.7,93,,1,7,7,,7,3,3,Summer
Kuoja,36,40310036,17.5,,14.3,62,,1,7,6,,6,2,2,Summer
Kuoja,37,40310037,18.3,,15,73,,9,7,5,,5,2,3,Summer
Kuoja,38,40310038,20.7,,17,111,,9,7,7,,7,3,2,Summer
Kuoja,39,40310039,21.5,,18,124,,9,7,7,,7,4,4,Summer
Kuoja,40,40310040,19.1,,15.7,83,,9,7,6,,6,3,3,Summer
Kuoja,41,40310041,18,,14.5,74,,1,7,5,,5,2,2,Summer
Kuoja,42,40310042,18,,15,70,,1,7,5,,5,1,2,Summer
Kuoja,43,40310043,20.2,,16.4,90,,9,7,6,,6,2,2,Summer
Kuoja,44,40310044,20,,16.5,103,,9,7,7,,7,3,3,Summer
Kuoja,45,40310045,20.6,,16.5,114,,9,7,7,,7,3,3,Summer
Plakis,1,41310001,25,,19.5,191,,9,7,7,,7,,,Summer
Plakis,2,41310002,20.8,,16.3,91,,9,7,5,,5,,,Summer
Plakis,3,41310003,19.5,,15.3,85,,9,7,5,,5,,,Summer
Plakis,4,41310004,18.3,,14.3,70,,1,7,5,,5,,,Summer
Plakis,5,41310005,18.1,,14.3,78,,9,7,5,,5,,,Summer
Plakis,6,41310006,22,,17.3,118,,9,7,6,,6,,,Summer
Plakis,7,41310007,19.5,,15.2,91,,1,7,5,,5,,,Summer
Plakis,8,41310008,16.8,,13.1,56,,9,7,5,,5,,,Summer
Plakis,9,41310009,19.1,,15,80,,1,7,5,,5,,,Summer
Plakis,10,41310010,20.5,,16.5,106,,9,7,6,,6,,,Summer
Plakis,11,41310011,20.3,,16,101,,9,7,5,,5,,,Summer
Plakis,12,41310012,17.8,,14,68,,1,7,5,,5,,,Summer
Plakis,13,41310013,19.3,,15,76,,1,7,5,,5,,,Summer
Plakis,14,41310014,22.5,,18,135,,9,7,6,,6,,,Summer
Plakis,15,41310015,18.5,,14.7,76,,9,7,5,,5,,,Summer
Plakis,16,41310016,19,,15,78,,1,7,5,,5,,,Summer
Plakis,17,41310017,21.1,,16.5,111,,9,7,6,,6,,,Summer
Plakis,18,41310018,22,,17.2,128,,9,7,7,,7,,,Summer
Plakis,19,41310019,21.6,,16.9,118,,9,7,6,,6,,,Summer
Plakis,20,41310020,21.9,,17.5,117,,9,7,6,,6,,,Summer
Plakis,21,41310021,19,,15,78,,1,7,6,,6,,,Summer
Plakis,22,41310022,17.8,,14,68,,9,7,5,,5,,,Summer
Plakis,23,41310023,18.1,,14.3,69,,1,7,5,,5,,,Summer
Plakis,24,41310024,20.7,,16.3,95,,9,7,6,,6,,,Summer
Plakis,25,41310025,19.7,,15.3,94,,9,7,6,,6,,,Summer
Plakis,26,41310026,18.3,,14.4,72,,1,7,5,,5,,,Summer
Plakis,27,41310027,21,,16.5,111,,1,7,6,,6,,,Summer
Plakis,28,41310028,21.1,,16.5,99,,1,7,6,,6,,,Summer
Plakis,29,41310029,25.8,,20.3,211,,9,7,7,,7,,,Summer
Plakis,30,41310030,19.9,,15.5,88,,9,7,6,,6,,,Summer
Plakis,31,41310031,21.6,,17.1,116,,9,7,6,,6,,,Summer
Plakis,32,41310032,21.8,,17.1,130,,1,7,7,,7,,,Summer
Plakis,33,41310033,21.5,,17.1,122,,9,7,6,,6,,,Summer
Plakis,34,41310034,21.5,,17,110,,9,7,6,,6,,,Summer
Plakis,35,41310035,20.1,,16,105,,9,7,5,,5,,,Summer
Plakis,36,41310036,17.1,,14,65,,9,7,5,,5,,,Summer
Plakis,37,41310037,20.2,,16,102,,9,7,5,,5,,,Summer
Plakis,38,41310038,19.3,,15.3,87,,9,7,5,,5,,,Summer
Plakis,39,41310039,22.8,,18,127,,9,7,6,,6,,,Summer
Plakis,40,41310040,18.3,,14.3,67,,9,7,5,,5,,,Summer
Plakis,41,41310041,24.3,,19.5,179,,9,7,7,,7,,,Summer
Plakis,42,41310042,22.2,,17.7,117,,9,7,6,,6,,,Summer
Plakis,43,41310043,20.2,,16,90,,9,7,6,,6,,,Summer
Plakis,44,41310044,19.5,,15.2,80,,1,7,5,,5,,,Summer
Plakis,45,41310045,20.3,,16.2,99,,9,7,6,,6,,,Summer
Plakis,46,41310046,18.8,,14.8,80,,1,7,5,,5,,,Summer
Karsis,1,42311001,50.5,,40.5,1506,,1,7,14,,14,10,10,Summer
Karsis,2,42311002,41,,32.5,792,,1,7,9,10,9,8,11,Summer
Karsis,3,42311003,42.5,,34,772,,9,7,10,,10,8,10,Summer
Karsis,4,42311004,39,,31,694,,1,7,8,,8,7,9,Summer
Karsis,5,42311005,40,,32.5,756,,9,7,8,,8,8,10,Summer
Karsis,6,42311006,37.8,,33.3,624,,1,7,8,,8,7,11,Summer
Karsis,7,42311007,42.3,,33.5,853,,1,7,10,,10,8,10,Summer
Karsis,8,42311008,40,,33,693,,9,7,9,,9,7,11,Summer
Karsis,9,42311009,37.5,,29.5,541,,9,7,8,,8,6,7,Summer
Karsis,10,42311010,36,,28.5,472,,1,7,7,,7,5,6,Summer
Karsis,11,42311011,37.2,,29.7,536,,1,7,7,,7,7,8,Summer
Karsis,12,42311012,38.8,,30.8,620,,9,7,8,,8,7,10,Summer
Karsis,13,42311013,37.3,,29.5,577,,1,7,7,,7,7,10,Summer
Karsis,14,42311014,36.3,,28.5,439,,9,7,7,,7,6,8,Summer
Karsis,15,42311015,42.5,,34,829,,1,7,9,,9,9,12,Summer
Karsis,16,42311016,33.3,,26.5,413,,9,7,6,,6,5,7,Summer
Karsis,17,42311017,35.6,,28,541,,1,7,7,,7,5,7,Summer
Karsis,18,42311018,32.3,,26,294,,9,7,6,,6,6,9,Summer
Karsis,19,42311019,39.5,,31.5,629,,1,7,8,,8,13,16,Summer
Karsis,20,42311020,37.1,,29,560,,1,7,8,,8,7,10,Summer
Karsis,21,42311021,37.5,,29.5,588,,9,7,7,,7,7,11,Summer
Karsis,22,42311022,35.5,,28.3,407,,9,7,7,,7,6,8,Summer
Karsis,23,42311023,38.6,,30.5,640,,9,7,8,,8,7,8,Summer
Karsis,24,42311024,31.5,,24.7,294,,9,7,6,,6,6,9,Summer
Karsis,25,42311025,35.5,,28,403,,1,7,7,,7,7,11,Summer
Karsis,26,42311026,33,,26,319,,1,7,6,,6,6,9,Summer
Karsis,27,42311027,30.2,,23.5,242,,9,7,5,,5,6,9,Summer
Karsis,28,42311028,34.5,,28,362,,9,7,7,,7,6,9,Summer
Karsis,29,42311029,30.5,,24,231,,9,7,5,7,5,nesimato,,Summer
Karsis,30,42311030,33.6,,26.3,370,,1,7,7,8,7,nesimato,,Summer
Karsis,31,42311031,37,,29.5,522,,1,7,8,9,8,8,11,Summer
Karsis,32,42311032,18.5,,14.5,68,,5,7,2,4,2,1,3,Summer
Karsis,33,42311033,39.8,,32,674,,9,7,8,9,8,8,10,Summer
Karsis,34,42311034,50,,41.5,1456,,9,7,12,13,12,12,14,Summer
Karsis,35,42311035,51.3,,41.5,1673,,1,7,12,15,12,12,18,Summer
Karsis,36,42311036,51.5,,42,1434,,9,7,12,15,12,15,18,Summer
Karsis,37,42311037,44,,35,831,,9,7,,,0,10,10,Summer
Karsis,38,42311038,37.8,,31,665,,1,7,,,0,8,9,Summer
Karsis,39,42311039,37.3,,30,572,,1,7,,,0,7,10,Summer
Karsis,40,42311040,44,,36,1060,,1,7,,,0,9,11,Summer
Karsis,41,42311041,40.8,,33,738,,1,7,,,0,8,10,Summer
Karsis,42,42311042,33.8,,27.5,376,,9,7,,,0,6,8,Summer
Karsis,43,42311043,33.6,,26.5,432,,1,7,,,0,7,9,Summer
Karsis,44,42311044,42.7,,34.3,922,,9,7,,,0,10,10,Summer
Karsis,45,42311045,42.6,,34.5,860,,1,7,,,0,7,7,Summer
Karsis,46,42311046,43,,35,993,,1,7,,,0,11,11,Summer
Karsis,47,42311047,34.5,,27,410,,1,7,,,0,8,11,Summer
Karsis,48,42311048,37.5,,29.5,454,,9,7,,,0,9,10,Summer
Karsis,49,42311049,40,,32.3,725,,1,7,,,0,10,12,Summer
Karsis,50,42311050,51.5,,42,1451,,9,7,,,0,16,20,Summer
Karsis,51,42311051,37.5,,30,589,,9,7,,,0,7,11,Summer
Karsis,52,42311052,39,,30,584,,9,7,,,0,7,9,Summer
Karsis,53,42311053,49.2,,40.3,1393,,9,7,,,0,13,16,Summer
Karsis,54,42311054,38.5,,31,664,,1,7,,,0,8,11,Summer
Karsis,55,42311055,47,,38,1350,,1,7,10,,10,10,12,Summer
Karsis,56,42311056,47,,38,1254,,9,7,11,,11,9,13,Summer
Karsis,57,42311057,35.3,,28,444,,1,7,7,,7,6,9,Summer
Karsis,58,42311058,30.3,,24.2,229,,9,7,5,,5,7,9,Summer
Karsis,59,42311059,30.8,,24.8,231,,1,7,6,,6,7,9,Summer
Karsis,60,42311060,41.4,,33,680,,9,7,8,,8,9,11,Summer
Karsis,61,42311061,44,,35.8,950,,9,7,9,,9,7,10,Summer
Karsis,62,42311062,47.5,,38.5,1164,,9,7,11,,11,10,12,Summer
Karsis,63,42311063,42.5,,34.5,948,,9,7,9,,9,8,10,Summer
Karsis,64,42311064,49.5,,41.5,1563,,9,7,12,,12,8,10,Summer
Karsis,65,42311065,43,,35,906,,9,7,9,,9,10,10,Summer
Karsis,66,42311066,46.5,,37.5,1269,,9,7,10,,10,10,10,Summer
Karsis,67,42311067,47.3,,38.5,1187,,9,7,10,,10,9,12,Summer
Karsis,68,42311068,38.5,,31,715,,9,7,8,,8,7,11,Summer
Karsis,69,42311069,32.7,,25.7,345,,1,7,6,,6,6,10,Summer
Karsis,70,42311070,46.3,,38,1377,,1,7,11,,11,11,13,Summer
Karsis,71,42311071,47.5,,38.5,1249,,1,7,11,,11,8,12,Summer
Karsis,72,42311072,48,,38,1125,,9,7,11,,11,12,12,Summer
Karsis,73,42311073,46,,37,1105,,1,7,10,12,10,12,12,Summer
Karsis,74,42311074,47,,38,1240,,9,7,10,,10,9,12,Summer
Karsis,75,42311075,43.5,,35,927,,1,7,9,,9,,,Summer
Karsis,76,42311076,44.5,,36,985,,9,7,9,,9,9,12,Summer
Karsis,77,42311077,41.7,,33,800,,1,7,9,,9,9,10,Summer
Karsis,78,42311078,41.5,,33,790,,9,7,9,,9,9,,Summer
Karsis,79,42311079,39,,31,712,,9,7,8,,8,8,10,Summer
Karsis,80,42311080,38.7,,30.5,622,,9,7,8,,8,7,10,Summer
Karsis,81,42311081,39,,30.5,638,,1,7,8,,8,8,9,Summer
Karsis,82,42311082,36.4,,28.7,561,,1,7,7,,7,6,9,Summer
Karsis,83,42311083,36,,28.5,434,,9,7,7,,7,8,9,Summer
Karsis,84,42311084,35.5,,28.5,470,,9,7,7,,7,7,10,Summer
Karsis,85,42311085,32,,26,438,,1,7,6,,6,5,6,Summer
Karsis,86,42311086,34.5,,27.5,417,,1,7,7,,7,7,9,Summer
Karsis,87,42311087,33.8,,27,347,,9,7,,,0,10,13,Summer
Karsis,88,42311088,31.5,,24.5,273,,9,7,6,,6,6,8,Summer
Karsis,89,42311089,31.5,,25,240,,9,7,6,,6,6,8,Summer
Karsis,90,42311090,32.5,,25,270,,9,7,6,,6,6,8,Summer
Starkis,1,52311001,41,,36,604,,9,7,5,,5,3,3,Summer
Starkis,2,52311002,37.5,,33,417,,1,7,4,,4,2,2,Summer
Starkis,3,52311003,33.5,,29,285,,1,7,3,,3,2,2,Summer
Starkis,4,52311004,33,,29,300,,9,7,3,,3,2,2,Summer
Starkis,5,52311005,35.3,,30.5,378,,9,7,3,,3,2,2,Summer
Starkis,6,52311006,47,,41,889,,9,7,5,,5,3,3,Summer
Eserys,1,50311001,27.6,,24.5,341,,9,7,8,,8,3,3,Summer
Eserys,2,50311002,21.3,,18.5,140,,9,7,6,,6,2,2,Summer
Eserys,3,50311003,23.5,,20.5,196,,9,7,7,,7,2,3,Summer
Eserys,4,50311004,13.4,,11.2,30,,9,7,3,,3,1,1,Summer
Eserys,5,50311005,12.9,,11.2,28,,1,7,2,,2,1,1,Summer
Kuoja,1,40311001,26.5,,22,255,,9,7,10,,10,5,6,Summer
Kuoja,2,40311002,26.5,,22,293,,9,7,10,,10,5,5,Summer
Kuoja,3,40311003,21.8,,17.8,116,,9,7,7,,7,4,4,Summer
Kuoja,4,40311004,28,,23.5,314,,9,7,11,,11,6,6,Summer
Kuoja,5,40311005,27.3,,22.8,274,,9,7,10,,10,6,7,Summer
Kuoja,6,40311006,21.5,,17.5,109,,1,7,7,,7,4,4,Summer
Plakis,1,41311001,22.7,,18.1,155,,9,7,7,,7,,,Summer
Plakis,2,41311002,22.4,,17.1,108,,1,7,7,,7,,,Summer
Plakis,3,41311003,20.5,,16.5,115,,9,7,6,,6,,,Summer
Plakis,4,41311004,20,,16,97,,9,7,6,,6,,,Summer
Plakis,5,41311005,22.7,,18,137,,9,7,7,,7,,,Summer
Plakis,6,41311006,22.4,,17.7,141,,1,7,7,,7,,,Summer
Plakis,7,41311007,20.6,,16,110,,9,7,6,,6,,,Summer
Plakis,8,41311008,21,,16.8,118,,9,7,6,,6,,,Summer
Plakis,9,41311009,20,,15.7,94,,1,7,6,,6,,,Summer
Plakis,10,41311010,19.7,,15.5,90,,1,7,6,,6,,,Summer
Plakis,11,41311011,20.1,,16,93,,9,7,6,,6,,,Summer
Plakis,12,41311012,19.7,,15.7,87,,1,7,6,,6,,,Summer
Plakis,13,41311013,18.5,,14.2,71,,1,7,5,,5,,,Summer
Plakis,14,41311014,18,,14.3,68,,9,7,5,,5,,,Summer
Plakis,15,41311015,23.6,,19,152,,9,7,7,,7,,,Summer
Plakis,16,41311016,22,,17.1,151,,9,7,7,,7,,,Summer
Plakis,17,41311017,19,,15,76,,1,7,5,,5,,,Summer
Plakis,18,41311018,21.5,,17.5,115,,9,7,7,,7,,,Summer
Plakis,19,41311019,22.3,,17.7,123,,9,7,7,,7,,,Summer
Plakis,20,41311020,23.4,,18.5,164,,9,7,7,,7,,,Summer
Karsis,1,42312001,52,,43.5,1676,,1,7,,,0,,,Summer
Karsis,2,42312002,51.7,,42,1385,,1,7,,,0,,,Summer
Karsis,3,42312003,49.3,,40.5,1440,,9,7,,,0,,,Summer
Karsis,4,42312004,53.8,,44,1612,,9,7,,,0,,,Summer
Karsis,5,42312005,52,,43,1936,,9,7,,,0,,,Summer
Karsis,6,42312006,46,,37,1205,,1,7,,,0,,,Summer
Karsis,7,42312007,46.5,,37.5,1183,,1,7,,,0,,,Summer
Karsis,8,42312008,39.3,,31,694,,9,7,,,0,,,Summer
Karsis,9,42312009,46.5,,38,1196,,9,7,,,0,,,Summer
Karsis,10,42312010,44.5,,37,1144,,9,7,,,0,,,Summer
Karsis,11,42312011,45,,36.5,1030,,9,7,,,0,,,Summer
Karsis,12,42312012,44,,37,1102,,9,7,,,0,,,Summer
Karsis,13,42312013,46.3,,37,1071,,9,7,,,0,,,Summer
Karsis,14,42312014,41.8,,34,868,,1,7,,,0,,,Summer
Karsis,15,42312015,41.3,,33.5,884,,9,7,,,0,,,Summer
Karsis,16,42312016,42,,34,835,,9,7,,,0,,,Summer
Karsis,17,42312017,42,,33.8,865,,1,7,,,0,,,Summer
Karsis,18,42312018,37.7,,30.2,662,,1,7,,,0,,,Summer
Karsis,19,42312019,43.7,,36,1017,,1,7,10,,10,7,10,Summer
Karsis,20,42312020,46,,36.6,1083,,9,7,9,,9,8,11,Summer
Karsis,21,42312021,43,,34.5,924,,9,7,9,,9,7,9,Summer
Karsis,22,42312022,44,,36,1027,,9,7,10,,10,7,11,Summer
Karsis,23,42312023,39.8,,32,776,,9,7,8,,8,6,9,Summer
Karsis,24,42312024,39.8,,32,760,,1,7,8,,8,8,9,Summer
Karsis,25,42312025,38.6,,31.8,709,,1,7,8,,8,7,10,Summer
Karsis,26,42312026,42,,33.8,847,,9,7,9,,9,8,10,Summer
Karsis,27,42312027,39.5,,31.5,594,,9,7,8,,8,9,9,Summer
Karsis,28,42312028,39.3,,31.3,626,,1,7,,,0,10,14,Summer
Karsis,29,42312029,38.2,,30.7,629,,1,7,8,,8,8,8,Summer
Karsis,30,42312030,36.5,,29,455,,1,7,8,,8,,,Summer
Karsis,31,42312031,34.5,,27.5,438,,9,7,7,,7,8,10,Summer
Karsis,32,42312032,39.1,,30.8,636,,1,7,8,,8,9,9,Summer
Karsis,33,42312033,39.8,,31,709,,1,7,8,,8,8,9,Summer
Karsis,34,42312034,38.7,,31.5,661,,1,7,7,,7,6,8,Summer
Karsis,35,42312035,35,,28.3,460,,9,7,7,,7,7,9,Summer
Karsis,36,42312036,34.8,,27.6,462,,9,7,6,,6,6,,Summer
Karsis,37,42312037,36,,28.7,495,,1,7,7,,7,6,,Summer
Karsis,38,42312038,34.8,,27.8,423,,1,7,6,,6,6,8,Summer
Karsis,39,42312039,34.5,,27.5,441,,9,7,6,8,6,5,,Summer
Karsis,40,42312040,32.5,,25,290,,9,7,6,7,6,6,,Summer
Karsis,41,42312041,35.5,,28.3,437,,1,7,7,,7,7,10,Summer
Karsis,42,42312042,32.3,,26,278,,9,7,6,,6,6,10,Summer
Karsis,43,42312043,34.2,,26.2,333,,1,7,6,,6,7,9,Summer
Karsis,44,42312044,29.5,,23.8,286,,1,7,6,,6,7,9,Summer
Karsis,45,42312045,33.7,,26.3,395,,9,7,6,,6,6,,Summer
Karsis,46,42312046,32,,25,331,,9,7,5,,5,5,6,Summer
Karsis,47,42312047,34.5,,27.6,436,,1,7,6,,6,5,8,Summer
Karsis,48,42312048,28.2,,21.6,219,,1,7,5,6,5,6,8,Summer
Karsis,49,42312049,49.5,,40,1529,,9,7,13,14,13,12,12,Summer
Karsis,50,42312050,49,,40,1376,,9,7,13,12,13,12,,Summer
Karsis,51,42312051,54,,44.5,1998,,1,7,15,16,15,15,15,Summer
Karsis,52,42312052,46,,38,1069,,9,7,10,,10,10,11,Summer
Karsis,53,42312053,35.3,,28,544,,1,7,7,9,7,6,9,Summer
Karsis,54,42312054,47,,38,1331,,1,7,11,12,11,10,10,Summer
Karsis,55,42312055,45.3,,37.5,1225,,1,7,,,0,,,Summer
Karsis,56,42312056,51.5,,43,1592,,1,7,,,0,,,Summer
Karsis,57,42312057,45.3,,37,1105,,9,7,,,0,,,Summer
Karsis,58,42312058,47.5,,38.3,1346,,9,7,,,0,,,Summer
Karsis,59,42312059,46.5,,37,1070,,1,7,,,0,,,Summer
Karsis,60,42312060,51.8,,42,1592,,9,7,,,0,,,Summer
Karsis,61,42312061,47,,38,1261,,9,7,,,0,,,Summer
Karsis,62,42312062,48,,38,1327,,1,7,,,0,,,Summer
Karsis,63,42312063,50.5,,41.5,1508,,9,7,,,0,,,Summer
Karsis,64,42312064,42,,33,907,,9,7,,,0,,,Summer
Karsis,65,42312065,37.8,,30.5,627,,9,7,,,0,,,Summer
Karsis,66,42312066,34.8,,27.5,428,,1,7,,,0,,,Summer
Karsis,67,42312067,57.8,,48,1995,,9,7,,,0,,,Summer
Karsis,68,42312068,49.6,,40.3,1551,,9,7,,,0,,,Summer
Karsis,69,42312069,48.2,,39.4,1415,,1,7,,,0,,,Summer
Karsis,70,42312070,49,,39.5,1620,,1,7,,,0,,,Summer
Karsis,71,42312071,49.3,,40.3,1589,,1,7,,,0,,,Summer
Karsis,72,42312072,41,,32.5,654,,9,7,9,,9,8,13,Summer
Karsis,73,42312073,50,,41.5,1593,,1,7,13,14,13,10,13,Summer
Karsis,74,42312074,50.3,,41.5,1506,,1,7,12,14,12,9,10,Summer
Starkis,1,52312001,35.5,,30.7,334,,9,7,4,,4,2,2,Summer
Starkis,2,52312002,40.3,,35.3,543,,1,7,4,,4,2,3,Summer
Starkis,3,52312003,38.8,,33.5,445,,9,7,4,,4,2,3,Summer
Starkis,4,52312004,34.1,,29.5,295,,9,7,4,,4,2,2,Summer
Starkis,5,52312005,37.6,,33,479,,1,7,4,,4,2,2,Summer
Starkis,6,52312006,32.5,,28.5,249,,1,7,4,,4,2,2,Summer
Starkis,7,52312007,36.5,,31.5,394,,9,7,3,,3,2,2,Summer
Starkis,8,52312008,37.5,,32.5,439,,1,7,4,,4,2,2,Summer
Starkis,9,52312009,40.5,,35,558,,9,7,4,,4,2,3,Summer
Starkis,10,52312010,36.5,,31.3,394,,9,7,4,,4,2,2,Summer
Starkis,11,52312011,38,,33.5,443,,9,7,4,,4,2,3,Summer
Starkis,12,52312012,33.5,,29,288,,9,7,3,,3,2,2,Summer
Starkis,13,52312013,32,,28,270,,1,7,3,,3,,,Summer
Eserys,1,50312001,28.8,,25,339,,9,7,9,,9,2,3,Summer
Eserys,2,50312002,25.3,,22.2,235,,9,7,8,,8,2,3,Summer
Eserys,3,50312003,21,,18.5,139,,9,7,6,,6,2,2,Summer
Eserys,4,50312004,20.8,,18,130,,9,7,7,,7,3,3,Summer
Eserys,5,50312005,27,,23.5,262,,9,7,9,,9,3,3,Summer
Eserys,6,50312006,30.3,,26.5,346,,1,7,10,,10,8,8,Summer
Eserys,7,50312007,24.6,,21.5,227,,9,7,8,,8,2,3,Summer
Eserys,8,50312008,25.7,,23.3,221,,9,7,8,,8,2,2,Summer
Eserys,9,50312009,22.5,,20,151,,9,7,7,,7,2,3,Summer
Eserys,10,50312010,23.5,,21,178,,9,7,7,,7,2,2,Summer
Eserys,11,50312011,21,,18.5,121,,9,7,7,,7,2,2,Summer
Eserys,12,50312012,22,,19.5,157,,9,7,7,,7,2,2,Summer
Eserys,13,50312013,20.3,,18.5,108,,9,7,6,,6,2,2,Summer
Karsis,75,42312075,34.5,,27,419,,9,7,6,,6,6,7,Summer
Karsis,76,42312076,31.2,,24,209,,1,7,5,7,5,7,9,Summer
Karsis,77,42312077,31.2,,25,253,,1,7,5,7,5,7,10,Summer
Karsis,78,42312078,35.9,,28.5,443,,1,7,7,,7,7,8,Summer
Karsis,79,42312079,29.3,,23.2,292,,9,7,5,7,5,7,8,Summer
Karsis,80,42312080,32.5,,25.7,310,,1,7,6,,6,8,7,Summer
Karsis,81,42312081,31,,24.2,250,,1,7,5,7,5,7,7,Summer
Karsis,82,42312082,33.8,,27,322,,9,7,6,8,6,9,,Summer
Karsis,83,42312083,31,,24,223,,9,7,5,7,5,9,8,Summer
Karsis,84,42312084,36.2,,28.3,467,,1,7,7,9,7,8,11,Summer
Karsis,85,42312085,18,,14,50,,5,7,2,4,2,1,3,Summer
Karsis,86,42312086,21.3,,16.7,103,,1,7,3,4,3,3,4,Summer
Plakis,1,41312001,23.7,,18.7,143,,9,7,7,,7,,,Summer
Plakis,2,41312002,25.5,,20.2,217,,9,7,8,,8,,,Summer
Plakis,3,41312003,23.4,,18.2,138,,9,7,7,,7,,,Summer
Plakis,4,41312004,18.6,,14.7,70,,9,7,6,,6,,,Summer
Plakis,5,41312005,18,,14.1,64,,1,7,5,,5,,,Summer
Plakis,6,41312006,18.2,,14.3,69,,1,7,6,,6,,,Summer
Plakis,7,41312007,19,,15.4,89,,9,7,6,,6,,,Summer
Plakis,8,41312008,22.7,,18,140,,9,7,7,,7,,,Summer
Plakis,9,41312009,17.7,,13.8,62,,1,7,5,,5,,,Summer
Plakis,10,41312010,19,,14.8,74,,9,7,6,,6,,,Summer
Plakis,11,41312011,18,,14.6,69,,9,7,6,,6,,,Summer
Plakis,12,41312012,19.3,,15.1,80,,9,7,6,,6,,,Summer
Plakis,13,41312013,24,,19.4,194,,9,7,8,,8,,,Summer
Plakis,14,41312014,19.4,,15.2,81,,9,7,6,,6,,,Summer
Plakis,15,41312015,17.3,,13.7,61,,9,7,5,,5,,,Summer
Plakis,16,41312016,17.4,,13.7,63,,1,7,6,,6,,,Summer
Plakis,17,41312017,24.8,,19.8,200,,9,7,8,,8,,,Summer
Plakis,18,41312018,18.8,,15,78,,1,7,6,,6,,,Summer
Plakis,19,41312019,19,,15.1,88,,9,7,6,,6,,,Summer
Plakis,20,41312020,20.1,,15.6,88,,1,7,6,,6,,,Summer
Plakis,21,41312021,24,,19.3,159,,9,7,8,,8,,,Summer
Plakis,22,41312022,18.8,,14.8,77,,9,7,6,,6,,,Summer
Plakis,23,41312023,21.3,,16.6,97,,1,7,7,,7,,,Summer
Plakis,24,41312024,19.6,,15.3,87,,1,7,6,,6,,,Summer
Plakis,25,41312025,20.7,,16,103,,1,7,7,,7,,,Summer
Plakis,26,41312026,19,,15,81,,9,7,6,,6,,,Summer
Plakis,27,41312027,21.3,,16.8,106,,1,7,7,,7,,,Summer
Plakis,28,41312028,23.4,,18.5,132,,9,7,8,,8,,,Summer
Plakis,29,41312029,19.3,,15.1,73,,1,7,6,,6,,,Summer
Plakis,30,41312030,18.8,,15,81,,9,7,6,,6,,,Summer
Plakis,31,41312031,18.7,,15,76,,9,7,6,,6,,,Summer
Plakis,32,41312032,22.8,,17.8,145,,9,7,7,,7,,,Summer
Plakis,33,41312033,23.5,,18.8,157,,9,7,7,,7,,,Summer
Kuoja,1,40312001,28.7,,23.7,284,,9,7,11,,11,,,Summer
Kuoja,2,40312002,24.9,,20.5,194,,9,7,9,,9,,,Summer
Kuoja,3,40312003,25.5,,21,226,,9,7,9,,9,,,Summer
Kuoja,4,40312004,18.1,,14.8,74,,9,7,6,,6,,,Summer
Kuoja,5,40312005,19.8,,16.3,94,,9,7,7,,7,,,Summer
Kuoja,6,40312006,19,,15.7,95,,1,7,7,,7,,,Summer
Kuoja,7,40312007,22,,18.2,131,,9,7,8,,8,,,Summer
Kuoja,8,40312008,21.1,,17.2,117,,9,7,7,,7,,,Summer
Kuoja,9,40312009,21.7,,17.8,117,,9,7,7,,7,,,Summer
Kuoja,10,40312010,20.8,,17,123,,1,7,7,,7,,,Summer
Kuoja,11,40312011,29.4,,24.5,329,,9,7,11,,11,,,Summer
Kuoja,12,40312012,29.8,,24.8,326,,9,7,12,,12,,,Summer
Kuoja,13,40312013,24,,19.8,190,,9,7,8,,8,,,Summer
Kuoja,14,40312014,23,,19.2,160,,9,7,8,,8,,,Summer
Kuoja,15,40312015,24.1,,19.5,177,,9,7,8,,8,,,Summer
Kuoja,16,40312016,25.8,,21.3,221,,9,7,9,,9,,,Summer
Kuoja,17,40312017,24.8,,20.6,210,,9,7,9,,9,,,Summer
Kuoja,18,40312018,27,,22.4,244,,9,7,11,,11,,,Summer
Kuoja,19,40312019,25.8,,21,237,,9,7,10,,10,,,Summer
Kuoja,20,40312020,28,,23.3,292,,9,7,11,,11,,,Summer
Kuoja,21,40312021,27.7,,23,327,,9,7,11,,11,,,Summer
Kuoja,22,40312022,32.7,,26.7,455,,9,7,15,,15,,,Summer
Kuoja,23,40312023,29.5,,24.2,341,,9,7,12,,12,,,Summer
Kuoja,24,40312024,29.3,,24,323,,9,7,12,,12,,,Summer
Kuoja,25,40312025,22.8,,18.7,151,,9,7,8,,8,,,Summer
Kuoja,26,40312026,22.7,,18.5,154,,9,7,8,,8,,,Summer
Kuoja,27,40312027,24.5,,20.2,172,,9,7,8,,8,,,Summer
Kuoja,28,40312028,24.2,,20,165,,9,7,8,,8,,,Summer
Kuoja,29,40312029,22,,18,142,,9,7,7,,7,,,Summer
Kuoja,30,40312030,22.8,,19,156,,9,7,8,,8,,,Summer
Kuoja,31,40312031,23,,19,142,,1,7,8,,8,,,Summer
Kuoja,32,40312032,21.6,,17.5,128,,9,7,7,,7,,,Summer
Kuoja,33,40312033,21.5,,17.7,110,,9,7,7,,7,,,Summer
Kuoja,34,40312034,20.9,,17.2,110,,1,7,7,,7,,,Summer
Kuoja,35,40312035,20.8,,17.2,117,,9,7,7,,7,,,Summer
Kuoja,36,40312036,20.2,,16.6,109,,1,7,7,,7,,,Summer
Kuoja,37,40312037,20.3,,19.7,106,,9,7,7,,7,,,Summer
Kuoja,38,40312038,21.1,,17.2,118,,9,7,7,,7,,,Summer
Kuoja,39,40312039,21.7,,17.6,125,,9,7,7,,7,,,Summer
Kuoja,40,40312040,20.3,,16.3,99,,1,7,7,,7,,,Summer
Kuoja,41,40312041,20.3,,16.5,101,,1,7,7,,7,,,Summer
Kuoja,42,40312042,19.7,,16.2,87,,1,7,7,,7,,,Summer
Karsis,1,42313001,52,,44,1926,,9,7,,,0,11,11,Summer
Karsis,2,42313002,51.5,,42,1665,,1,7,,,0,11,11,Summer
Karsis,3,42313003,50.2,,42,1541,,9,7,,,0,8,11,Summer
Karsis,4,42313004,51.5,,42.5,1919,,9,7,,,0,10,14,Summer
Karsis,5,42313005,52.3,,43.5,1861,,1,7,,,0,12,12,Summer
Karsis,6,42313006,50,,41.5,1576,,1,7,,,0,12,12,Summer
Karsis,7,42313007,45.5,,37.5,1166,,9,7,,,0,10,11,Summer
Karsis,8,42313008,46.5,,37.3,1161,,9,7,,,0,9,12,Summer
Karsis,9,42313009,52,,43,1507,,9,7,,,0,10,9,Summer
Karsis,10,42313010,49.3,,40,1327,,9,7,,,0,12,14,Summer
Karsis,11,42313011,47.8,,39,1237,,9,7,,,0,,,Summer
Karsis,12,42313012,50.3,,41.5,1749,,1,7,,,0,,,Summer
Karsis,13,42313013,53,,45,1641,,1,7,,,0,,,Summer
Karsis,14,42313014,49.2,,40,1513,,1,7,,,0,,,Summer
Karsis,15,42313015,47.7,,38.8,1167,,1,7,,,0,,,Summer
Karsis,16,42313016,47.7,,39.5,1350,,1,7,,,0,,,Summer
Karsis,17,42313017,51.5,,42,1631,,9,7,,,0,,,Summer
Karsis,18,42313018,48,,40,1387,,9,7,,,0,,,Summer
Karsis,19,42313019,49.9,,41.5,1533,,9,7,,,0,,,Summer
Karsis,20,42313020,53.7,,44.8,2025,,9,7,,,0,,,Summer
Karsis,21,42313021,40.5,,33,839,,9,7,,,0,,,Summer
Karsis,22,42313022,41.3,,33,802,,9,7,,,0,,,Summer
Karsis,23,42313023,40.5,,33.5,810,,9,7,,,0,,,Summer
Karsis,24,42313024,39.7,,31.5,590,,9,7,,,0,,,Summer
Karsis,25,42313025,37.4,,29.3,549,,9,7,,,0,,,Summer
Karsis,26,42313026,37.3,,29.4,535,,1,7,,,0,,,Summer
Karsis,27,42313027,37.4,,29.8,563,,9,7,,,0,,,Summer
Karsis,28,42313028,37,,30,574,,9,7,,,0,,,Summer
Karsis,29,42313029,37.5,,30.7,663,,1,7,,,0,,,Summer
Karsis,30,42313030,37,,30,561,,1,7,,,0,,,Summer
Karsis,31,42313031,36,,28,479,,1,7,,,0,,,Summer
Karsis,32,42313032,37.2,,30.4,605,,1,7,,,0,,,Summer
Karsis,33,42313033,34.5,,27.2,446,,1,7,,,0,,,Summer
Karsis,34,42313034,35,,28,446,,9,7,,,0,,,Summer
Karsis,35,42313035,34.5,,27.5,427,,1,7,,,0,,,Summer
Karsis,36,42313036,37.5,,29.8,593,,9,7,,,0,,,Summer
Karsis,37,42313037,36.7,,29.3,518,,9,7,7,,7,5,8,Summer
Karsis,38,42313038,37.4,,31,589,,9,7,7,,7,7,8,Summer
Karsis,39,42313039,48.3,,40.5,1565,,1,7,11,,11,11,14,Summer
Starkis,1,52313001,36.6,,31.8,358,,1,7,4,,4,3,3,Summer
Starkis,2,52313002,28.8,,25.2,176,,1,7,2,,2,2,3,Summer
Starkis,3,52313003,33.7,,29,322,,1,7,3,,3,2,2,Summer
Starkis,4,52313004,41,,35.5,579,,9,7,4,,4,3,3,Summer
Starkis,5,52313005,33.3,,28.6,270,,1,7,2,,2,2,2,Summer
Starkis,6,52313006,37.3,,32,399,,1,7,4,,4,2,2,Summer
Starkis,7,52313007,48.7,,42.5,1033,,9,7,6,,6,3,3,Summer
Starkis,8,52313008,36,,31.5,410,,1,7,3,,3,2,2,Summer
Starkis,9,52313009,34.8,,31,364,,1,7,4,,4,2,2,Summer
Starkis,10,52313010,27.9,,24.2,171,,9,7,2,,2,1,1,Summer
Starkis,11,52313011,35,,30,334,,9,7,3,,3,2,2,Summer
Starkis,12,52313012,39.5,,34.5,507,,1,7,4,,4,2,2,Summer
Starkis,13,52313013,41,,35.5,524,,9,7,4,,4,3,3,Summer
Starkis,14,52313014,34.3,,29.5,313,,1,7,4,,4,2,2,Summer
Starkis,15,52313015,35.6,,31,357,,9,7,4,,4,2,2,Summer
Eserys,1,50313001,34,,29.8,597,,9,7,11,12,11,5,5,Summer
Eserys,2,50313002,21.7,,19,152,,9,7,7,7,7,2,2,Summer
Eserys,3,50313003,22.5,,19.5,154,,1,7,7,,7,3,3,Summer
Eserys,4,50313004,22.8,,19.9,161,,1,7,7,7,7,3,3,Summer
Eserys,5,50313005,35.3,,31,699,,9,7,12,12,12,7,7,Summer
Eserys,6,50313006,30.8,,27,420,,9,7,10,,10,3,3,Summer
Eserys,7,50313007,29.2,,25.5,391,,9,7,10,10,10,3,3,Summer
Eserys,8,50313008,21.2,,18.5,127,,9,7,7,,7,2,2,Summer
Eserys,9,50313009,20.8,,18.3,116,,9,7,6,,6,1,2,Summer
Eserys,10,50313010,23.3,,20.5,206,,9,7,7,7,7,2,3,Summer
Eserys,11,50313011,24,,21,184,,9,7,7,,7,3,3,Summer
Eserys,12,50313012,19.8,,17.4,108,,9,7,6,6,6,2,2,Summer
Karsis,40,42313040,35,,28,421,,1,7,7,,7,7,7,Summer
Karsis,41,42313041,32.2,,25.8,338,,9,7,5,,5,8,7,Summer
Karsis,42,42313042,34.6,,26.7,383,,9,7,6,,6,7,10,Summer
Karsis,43,42313043,31.2,,25,301,,1,7,6,,6,7,8,Summer
Karsis,44,42313044,34.4,,27,395,,9,7,7,,7,7,9,Summer
Karsis,45,42313045,34.4,,28,466,,1,7,7,,7,7,7,Summer
Karsis,46,42313046,32.3,,26,331,,1,7,6,,6,6,7,Summer
Karsis,47,42313047,32.5,,25.8,369,,1,7,6,,6,6,6,Summer
Karsis,48,42313048,31,,24,272,,9,7,6,,6,6,,Summer
Karsis,49,42313049,35,,27.9,427,,1,7,7,,7,7,9,Summer
Karsis,50,42313050,33,,26.3,381,,1,7,6,,6,4,8,Summer
Karsis,51,42313051,32.8,,26.5,371,,9,7,6,,6,6,9,Summer
Karsis,52,42313052,34,,27,420,,9,7,6,,6,8,11,Summer
Karsis,53,42313053,34.7,,27.3,400,,1,7,6,,6,,,Summer
Karsis,54,42313054,34.6,,28,484,,1,7,7,,7,,,Summer
Karsis,55,42313055,34.6,,27,427,,9,7,,,0,,,Summer
Karsis,56,42313056,34,,26.5,382,,9,7,,,0,,,Summer
Karsis,57,42313057,34.9,,27.5,404,,1,7,,,0,,,Summer
Karsis,58,42313058,32,,25,346,,9,7,,,0,,,Summer
Karsis,59,42313059,34.1,,27.2,459,,9,7,,,0,,,Summer
Karsis,60,42313060,33.5,,26,360,,1,7,,,0,,,Summer
Karsis,61,42313061,34.9,,27.5,442,,9,7,,,0,,,Summer
Karsis,62,42313062,34.8,,27.5,454,,1,7,,,0,,,Summer
Karsis,63,42313063,32.3,,25.3,385,,9,7,,,0,,,Summer
Karsis,64,42313064,34,,27,412,,9,7,,,0,,,Summer
Karsis,65,42313065,32.4,,25.3,372,,1,7,,,0,,,Summer
Karsis,66,42313066,33.8,,26.5,410,,1,7,,,0,,,Summer
Karsis,67,42313067,35,,27.5,481,,9,7,,,0,,,Summer
Karsis,68,42313068,34.7,,27,429,,1,7,,,0,,,Summer
Karsis,69,42313069,30.6,,23.5,197,,1,7,,,0,,,Summer
Karsis,70,42313070,30.5,,24.5,321,,9,7,,,0,,,Summer
Karsis,71,42313071,33.5,,26.5,312,,9,7,,,0,,,Summer
Karsis,72,42313072,32.2,,25.3,340,,1,7,,,0,,,Summer
Karsis,73,42313073,32.3,,25.3,359,,9,7,,,0,,,Summer
Karsis,74,42313074,32.3,,25,364,,1,7,,,0,,,Summer
Karsis,75,42313075,29,,22.5,174,,9,7,,,0,,,Summer
Karsis,76,42313076,31.8,,25,246,,1,7,,,0,,,Summer
Karsis,77,42313077,31.5,,25,333,,1,7,,,0,,,Summer
Karsis,78,42313078,31.5,,24.2,237,,1,7,,,0,,,Summer
Karsis,79,42313079,31,,24,292,,1,7,,,0,,,Summer
Karsis,80,42313080,32.3,,26,329,,1,7,,,0,,,Summer
Karsis,81,42313081,29.3,,22.5,225,,9,7,,,0,,,Summer
Karsis,82,42313082,31,,24,258,,1,7,,,0,,,Summer
Karsis,83,42313083,29.7,,23.3,200,,1,7,,,0,,,Summer
Karsis,84,42313084,29,,22.8,206,,9,7,,,0,,,Summer
Karsis,85,42313085,32.3,,26,337,,1,7,,,0,,,Summer
Karsis,86,42313086,30.5,,23.5,240,,1,7,,,0,,,Summer
Karsis,87,42313087,29,,23.5,182,,1,7,,,0,,,Summer
Karsis,88,42313088,32.1,,25,339,,1,7,,,0,,,Summer
Karsis,89,42313089,32,,25.5,339,,1,7,,,0,,,Summer
Karsis,90,42313090,15.1,,12,35,,5,7,,,0,,,Summer
Karsis,91,42313091,28.5,,21.8,180,,1,7,,,0,,,Summer
Plakis,1,41313001,18.5,,15,74,,1,7,5,,5,,,Summer
Plakis,2,41313002,22,,17.2,122,,1,7,7,,7,,,Summer
Plakis,3,41313003,20.5,,16.2,107,,1,7,6,,6,,,Summer
Plakis,4,41313004,23,,18.1,146,,9,7,7,,7,,,Summer
Plakis,5,41313005,19.2,,14.5,79,,9,7,5,,5,,,Summer
Plakis,6,41313006,18,,14,64,,1,7,5,,5,,,Summer
Plakis,7,41313007,18.7,,14.8,74,,9,7,6,,6,,,Summer
Plakis,8,41313008,23.4,,18.5,148,,9,7,7,,7,,,Summer
Plakis,9,41313009,25.5,,20.5,204,,9,7,8,,8,,,Summer
Plakis,10,41313010,18,,14,70,,9,7,5,,5,,,Summer
Plakis,11,41313011,19.5,,15.3,84,,1,7,5,,5,,,Summer
Plakis,12,41313012,19.6,,15.5,102,,1,7,6,,6,,,Summer
Plakis,13,41313013,19.5,,15,89,,9,7,5,,5,,,Summer
Plakis,14,41313014,18.8,,15,70,,9,7,5,,5,,,Summer
Plakis,15,41313015,25.8,,20.7,215,,9,7,8,,8,,,Summer
Plakis,16,41313016,26.8,,20.6,231,,9,7,8,,8,,,Summer
Kuoja,1,40313001,20.7,,16.7,109,,1,7,7,,7,,,Summer
Kuoja,2,40313002,19.5,,16,83,,9,7,6,,6,,,Summer
Kuoja,3,40313003,19.2,,15.6,86,,1,7,6,,6,,,Summer
Kuoja,4,40313004,26.8,,22.3,252,,9,7,10,,10,,,Summer
Kuoja,5,40313005,26.5,,21.8,238,,9,7,9,,9,,,Summer
Kuoja,6,40313006,23,,18.5,107,,1,7,7,,7,,,Summer
Kuoja,7,40313007,17.3,,14.3,62,,9,7,6,,6,,,Summer
Kuoja,8,40313008,19.4,,15.7,88,,1,7,7,,7,,,Summer
Kuoja,9,40313009,18,,14.3,74,,9,7,6,,6,,,Summer
Kuoja,10,40313010,19.5,,16,92,,9,7,7,,7,,,Summer
Kuoja,11,40313011,23.3,,19.3,150,,9,7,8,,8,,,Summer
Kuoja,12,40313012,19.3,,16,82,,1,7,6,,6,,,Summer
Kuoja,13,40313013,26.1,,21.3,223,,9,7,10,,10,,,Summer
Kuoja,14,40313014,23.3,,19.3,161,,9,7,9,,9,,,Summer
Kuoja,15,40313015,23.8,,19.5,183,,9,7,8,,8,,,Summer
Kuoja,16,40313016,18.6,,14.8,77,,9,7,6,,6,,,Summer
Kuoja,17,40313017,19.5,,16,89,,9,7,6,,6,,,Summer
Kuoja,18,40313018,19,,15.5,76,,1,7,6,,6,,,Summer
Kuoja,19,40313019,22.8,,18.7,146,,1,7,8,,8,,,Summer
Kuoja,20,40313020,19.5,,16,88,,9,7,6,,6,,,Summer
Kuoja,21,40313021,19.2,,15.7,93,,1,7,6,,6,,,Summer
Kuoja,22,40313022,23.1,,19,168,,9,7,8,,8,,,Summer
Kuoja,23,40313023,23,,19.2,163,,9,7,8,,8,,,Summer
Kuoja,24,40313024,19.8,,16,90,,9,7,6,,6,,,Summer
Kuoja,25,40313025,19.5,,15.5,93,,1,7,6,,6,,,Summer
Kuoja,26,40313026,25.8,,21.2,230,,1,7,9,,9,,,Summer
Kuoja,27,40313027,20,,16.3,100,,9,7,7,,7,,,Summer
Kuoja,28,40313028,22.5,,18.2,141,,1,7,8,,8,,,Summer
Kuoja,29,40313029,22,,18,121,,1,7,7,,7,,,Summer
Kuoja,30,40313030,24.2,,20,179,,9,7,8,,8,,,Summer
Kuoja,31,40313031,28.1,,22.8,312,,1,7,10,,10,,,Summer
Karsis,1,42314001,57.3,,48,2693,,9,7,,,0,,,Summer
Karsis,2,42314002,52.5,,42.5,1815,,9,7,,,0,,,Summer
Karsis,3,42314003,52.8,,44,2175,,9,7,,,0,,,Summer
Karsis,4,42314004,52.3,,42.5,1708,,9,7,,,0,,,Summer
Karsis,5,42314005,50.7,,41.5,1802,,1,7,,,0,,,Summer
Karsis,6,42314006,49.8,,40,1546,,1,7,,,0,,,Summer
Karsis,7,42314007,47.7,,38,1328,,9,7,,,0,,,Summer
Karsis,8,42314008,52,,43,1580,,9,7,,,0,,,Summer
Karsis,9,42314009,31.7,,25.7,336,,9,7,,,0,,,Summer
Karsis,10,42314010,31.4,,24.2,261,,1,7,,,0,,,Summer
Karsis,11,42314011,31.5,,25,258,,9,7,,,0,,,Summer
Karsis,12,42314012,31.5,,25,280,,1,7,,,0,,,Summer
Karsis,13,42314013,20.8,,16.5,95,,1,7,,,0,,,Summer
Karsis,14,42314014,51.7,,42,1702,,1,7,,,0,,,Summer
Karsis,15,42314015,49.5,,40.5,1403,,1,7,,,0,,,Summer
Karsis,16,42314016,29.5,,23.3,218,,1,7,,,0,,,Summer
Karsis,17,42314017,31.2,,24.7,265,,9,7,,,0,,,Summer
Karsis,18,42314018,29.3,,22.5,218,,9,7,,,0,,,Summer
Karsis,19,42314019,31,,24.5,274,,9,7,,,0,,,Summer
Starkis,1,52314001,34,,29.5,381,,9,7,4,,4,2,2,Summer
Starkis,2,52314002,35.3,,30.3,336,,9,7,4,,4,2,2,Summer
Starkis,3,52314003,29.8,,25.5,214,,9,7,3,,3,,,Summer
Starkis,4,52314004,39.7,,34.5,546,,1,7,4,,4,3,3,Summer
Starkis,5,52314005,36,,31,407,,1,7,4,,4,2,3,Summer
Starkis,6,52314006,45.5,,40,865,,1,7,5,,5,2,3,Summer
Starkis,7,52314007,33.5,,29,294,,1,7,3,,3,2,2,Summer
Starkis,8,52314008,22.3,,19.2,86,,5,7,2,,2,1,1,Summer
Eserys,1,50314001,18,,15.5,89,,9,7,5,,5,1,1,Summer
Eserys,2,50314002,22.6,,19.8,172,,1,7,7,7,7,2,3,Summer
Eserys,3,50314003,20,,17.4,118,,9,7,6,,6,2,2,Summer
Eserys,4,50314004,21.2,,18.3,135,,9,7,6,,6,2,2,Summer
Eserys,5,50314005,25.6,,22.3,215,,1,7,8,,8,3,3,Summer
Eserys,6,50314006,21.4,,18.6,135,,9,7,6,,6,2,2,Summer
Plakis,1,41314001,17.4,,13.3,55,,1,7,5,,5,,,Summer
Plakis,2,41314002,21.5,,16.8,111,,1,7,6,,6,,,Summer
Plakis,3,41314003,19,,15,84,,9,7,6,,6,,,Summer
Plakis,4,41314004,18.8,,15.1,78,,9,7,5,,5,,,Summer
Plakis,5,41314005,23.3,,18.3,153,,9,7,7,,7,,,Summer
Plakis,6,41314006,22.1,,17.2,132,,1,7,6,,6,,,Summer
Plakis,7,41314007,23.2,,18.5,156,,9,7,7,,7,,,Summer
Plakis,8,41314008,22.5,,17.6,142,,1,7,7,,7,,,Summer
Plakis,9,41314009,21.3,,17,115,,1,7,6,,6,,,Summer
Plakis,10,41314010,23.7,,18.5,130,,9,7,7,,7,,,Summer
Plakis,11,41314011,21.7,,17,108,,1,7,6,,6,,,Summer
Plakis,12,41314012,25.5,,20.5,202,,9,7,8,,8,,,Summer
Plakis,13,41314013,23,,18.5,149,,9,7,7,,7,,,Summer
Plakis,14,41314014,20.5,,16.3,105,,1,7,6,,6,,,Summer
Plakis,15,41314015,23,,18,138,,9,7,7,,7,,,Summer
Kuoja,1,40314001,23.3,,19.2,158,,9,7,8,,8,3,3,Summer
Kuoja,2,40314002,19,,15.5,85,,9,7,7,,7,3,3,Summer
Kuoja,3,40314003,20,,16.3,95,,9,7,7,,7,4,4,Summer
Kuoja,4,40314004,20.2,,16.2,98,,1,7,7,,7,3,3,Summer
Kuoja,5,40314005,20.6,,16.7,97,,1,7,7,,7,4,3,Summer
Kuoja,6,40314006,19,,15.3,77,,1,7,7,,7,4,3,Summer
Kuoja,7,40314007,32,,26.5,433,,9,7,,,0,10,9,Summer
Kuoja,8,40314008,23.5,,19,165,,9,7,8,,8,3,3,Summer
Kuoja,9,40314009,20,,16.2,92,,9,7,7,,7,2,3,Summer
Kuoja,10,40314010,18.8,,15.4,72,,1,7,6,,6,2,3,Summer
Kuoja,11,40314011,26.1,,21.5,219,,9,7,9,,9,5,6,Summer
Kuoja,12,40314012,25,,20.5,185,,9,7,9,,9,5,6,Summer
Kuoja,13,40314013,20,,16.2,101,,9,7,7,,7,3,3,Summer
Kuoja,14,40314014,20.8,,16.9,113,,1,7,7,,7,3,3,Summer
Kuoja,15,40314015,24.3,,19.8,185,,9,7,9,,9,5,6,Summer
Kuoja,16,40314016,28.3,,23.5,301,,9,7,11,,11,5,5,Summer
Kuoja,17,40314017,26.3,,21.7,253,,9,7,10,,10,5,6,Summer
Kuoja,18,40314018,30.8,,25.2,364,,9,7,12,,12,7,7,Summer
Kuoja,19,40314019,27.3,,22.8,261,,9,7,11,,11,6,6,Summer
Kuoja,20,40314020,23.8,,19.6,159,,9,7,8,,8,4,5,Summer
Kuoja,21,40314021,22.1,,18.2,130,,1,7,8,,8,3,4,Summer
Kuoja,22,40314022,20.1,,16.5,99,,1,7,7,,7,3,3,Summer
Kuoja,23,40314023,20,,16.3,104,,1,7,7,,7,3,3,Summer
Kuoja,24,40314024,20.3,,16.6,96,,1,7,7,,7,3,3,Summer
Kuoja,25,40314025,22.2,,18,87,,1,7,7,,7,7,8,Summer
Kuoja,26,40314026,19.2,,16,86,,1,7,6,,6,3,4,Summer
Kuoja,27,40314027,19.7,,16,90,,1,7,6,,6,3,3,Summer
Eserys,1,50315001,34.5,,30,670,,9,7,12,12,12,4,4,Summer
Eserys,2,50315002,32,,28,517,,9,7,10,,10,3,3,Summer
Eserys,3,50315003,30.3,,26.5,401,,9,7,8,,8,3,3,Summer
Eserys,4,50315004,28.6,,25,372,,9,7,8,,8,2,3,Summer
Eserys,5,50315005,31.8,,28,499,,9,7,10,,10,3,3,Summer
Eserys,6,50315006,24.3,,21,235,,9,7,6,,6,2,2,Summer
Eserys,7,50315007,24.4,,21.6,195,,9,7,7,,7,2,2,Summer
Eserys,8,50315008,26.5,,23,258,,9,7,7,,7,3,3,Summer
Eserys,9,50315009,25.1,,22,244,,9,7,6,,6,2,2,Summer
Eserys,10,50315010,29.8,,26,434,,9,7,8,,8,3,3,Summer
Eserys,11,50315011,29.4,,26,416,,9,7,8,,8,3,3,Summer
Eserys,12,50315012,30.5,,27,479,,9,7,8,,8,3,3,Summer
Starkis,1,52316001,22.5,,19,103,,1,7,2,2,0,1,1,Summer
Starkis,1,52315001,21.3,,18,79,,1,7,2,2,0,1,1,Summer
Starkis,2,52316002,20.6,,17.4,74,,1,7,2,2,0,1,1,Summer
Starkis,2,52315002,21,,18,71,,1,7,2,2,0,1,1,Summer
Starkis,3,52316003,18.8,,15.7,53,,9,7,1,2,-1,1,1,Summer
Starkis,3,52315003,21.6,,18.5,79,,9,7,2,2,0,1,1,Summer
Plakis,1,41315001,23,,18.3,166,,9,7,7,,7,,,Summer
Plakis,2,41315002,26,,20.7,244,,9,7,8,,8,,,Summer
Plakis,3,41315003,23.6,,19,163,,9,7,7,,7,,,Summer
Plakis,4,41315004,23.6,,19,164,,9,7,7,,7,,,Summer
Eserys,1,50316001,22.4,,19,168,,9,7,7,,7,2,2,Summer
Eserys,2,50316002,21.9,,19,182,,9,7,7,,7,2,2,Summer
Eserys,3,50316003,24.5,,21.5,217,,9,7,7,,7,2,2,Summer
Eserys,4,50316004,23.5,,20.5,195,,9,7,7,,7,2,3,Summer
Eserys,5,50316005,23,,19.8,197,,1,7,7,,7,2,2,Summer
Eserys,6,50316006,18,,15.4,74,,9,7,5,5,5,1,2,Summer
Eserys,7,50316007,16,,14,53,,9,7,5,,5,1,1,Summer
Eserys,8,50316008,15.6,,13.4,47,,1,7,5,,5,1,1,Summer
Eserys,9,50316009,15.3,,13,48,,9,7,5,,5,1,1,Summer
Eserys,10,50316010,18.2,,15.4,86,,9,7,6,,6,1,1,Summer
Eserys,11,50316011,18.7,,16.4,85,,9,7,6,,6,1,2,Summer
Eserys,12,50316012,17.5,,14.8,72,,9,7,5,5,5,1,1,Summer
Eserys,13,50316013,14.8,,12.5,49,,9,7,4,,4,1,2,Summer
Eserys,14,50316014,19.2,,16,92,,9,7,6,,6,1,2,Summer
Eserys,15,50316015,15.5,,13.4,49,,1,7,5,,5,1,1,Summer
Eserys,16,50316016,16,,13.5,52,,1,7,5,,5,1,1,Summer
Eserys,17,50316017,14.6,,12.4,40,,9,7,5,,5,1,1,Summer
Eserys,18,50316018,16.5,,14,59,,9,7,5,5,5,1,2,Summer
Eserys,19,50316019,14.7,,12.4,41,,1,7,5,,5,1,2,Summer
Eserys,20,50316020,13.3,,11.2,31,,1,7,4,3,4,1,1,Summer
Eserys,21,50316021,16.5,,14.3,61,,1,7,5,,5,1,1,Summer
Starkis,4,52316004,17,,15,48,,1,7,1,1,0,1,1,Summer
Starkis,4,52315004,18.6,,16,50,,9,7,1,2,-1,1,1,Summer
Starkis,5,52316005,19.8,,17,66,,9,7,1,2,-1,1,1,Summer
Starkis,5,52315005,20.6,,17.7,71,,9,7,1,2,-1,1,1,Summer
Starkis,6,52315006,19.8,,16.8,67,,1,7,1,2,-1,1,1,Summer
Starkis,6,52316006,21,,17.8,76,,9,7,2,2,0,1,1,Summer
Plakis,5,41315005,27.4,,21.5,251,,9,7,9,,9,,,Summer
Plakis,6,41315006,25.3,,20,182,,9,7,7,,7,,,Summer
Plakis,7,41315007,26.3,,20,202,,9,7,9,,9,,,Summer
Plakis,8,41315008,20.1,,15.3,93,,1,7,6,,6,,,Summer
Plakis,9,41315009,13.7,,10.7,31,,5,7,4,,4,,,Summer
Plakis,10,41315010,13.9,,10.7,31,,5,7,4,,4,,,Summer
Plakis,11,41315011,10.9,,8.4,15.1,,5,7,2,,2,,,Summer
Kuoja,1,40316001,12.3,,9.8,20,,1,7,3,,3,,,Summer
Kuoja,2,40316002,19.6,,15.7,96,,1,7,7,,7,,,Summer
Kuoja,3,40316003,19.6,,15.9,98,,1,7,7,,7,,,Summer
Kuoja,4,40316004,16.4,,13.5,55,,9,7,5,,5,,,Summer
Kuoja,5,40316005,17,,13.7,59,,9,7,5,,5,,,Summer
Kuoja,6,40316006,18.1,,14.5,63,,9,7,6,,6,,,Summer
Kuoja,7,40316007,17.2,,14,65,,1,7,6,,6,,,Summer
Kuoja,8,40316008,18.5,,15.1,74,,9,7,7,,7,,,Summer
Kuoja,9,40316009,17.5,,14,58,,1,7,6,,6,,,Summer
Kuoja,10,40316010,18.1,,14.5,74,,9,7,6,,6,,,Summer
Kuoja,11,40316011,16.6,,13.5,60,,1,7,6,,6,,,Summer
Kuoja,12,40316012,17.2,,14,62,,1,7,5,,5,,,Summer
Kuoja,13,40316013,17.6,,14.5,63,,9,7,5,,5,,,Summer
Kuoja,14,40316014,17.3,,14,62,,1,7,5,,5,,,Summer
Kuoja,15,40316015,16.5,,13.8,55,,1,7,4,,4,,,Summer
Kuoja,16,40316016,15.8,,12.8,43,,1,7,4,,4,,,Summer
Kuoja,17,40316017,17.1,,14,58,,1,7,5,,5,,,Summer
Kuoja,18,40316018,17,,14.1,55,,1,7,5,,5,,,Summer
Kuoja,19,40316019,15.9,,12.8,46,,1,7,4,,4,,,Summer
Kuoja,20,40316020,15.7,,12.8,43,,1,7,4,,4,,,Summer
Kuoja,21,40316021,12.8,,10.3,25.3,,1,7,3,,3,,,Summer
Kuoja,22,40316022,13,,10.6,26,,1,7,3,,3,,,Summer
Kuoja,23,40316023,13,,10.6,24,,5,7,2,,2,,,Summer
Kuoja,24,40316024,11,,8.8,13.7,,5,7,1,,1,,,Summer
Kuoja,1,40315001,28.1,,23,292,,9,7,11,,11,7,8,Summer
Kuoja,2,40315002,30,,24.5,441,,9,7,12,,12,8,7,Summer
Kuoja,3,40315003,28.7,,23.6,340,,9,7,11,,11,7,6,Summer
Kuoja,4,40315004,27.5,,22.4,292,,9,7,10,,10,6,6,Summer
Kuoja,5,40315005,27.9,,22.8,291,,1,7,10,,10,6,7,Summer
Kuoja,6,40315006,29.8,,24.6,369,,9,7,12,,12,6,6,Summer
Kuoja,7,40315007,28.8,,23.3,346,,9,7,11,,11,6,7,Summer
Kuoja,8,40315008,27.9,,22.7,308,,9,7,10,,10,7,8,Summer
Kuoja,9,40315009,27.9,,22.6,325,,9,7,10,,10,6,6,Summer
Kuoja,10,40315010,28,,23,353,,9,7,11,,11,6,8,Summer
Kuoja,11,40315011,28.3,,23.3,306,,9,7,11,,11,6,7,Summer
Kuoja,12,40315012,28.4,,23,300,,9,7,10,,10,6,6,Summer
Kuoja,13,40315013,27.2,,22.2,288,,1,7,11,,11,6,6,Summer
Kuoja,14,40315014,25.7,,21,244,,9,7,10,,10,,,Summer
Kuoja,15,40315015,27,,22,264,,9,7,11,,11,5,5,Summer
Kuoja,16,40315016,31.1,,25.7,417,,9,7,13,,13,8,9,Summer
Kuoja,17,40315017,26.3,,21.8,267,,9,7,9,,9,5,7,Summer
Kuoja,18,40315018,26.3,,21.3,255,,9,7,9,,9,5,6,Summer
Kuoja,19,40315019,25.6,,21.4,242,,1,7,9,,9,5,7,Summer
Kuoja,20,40315020,25.9,,21,204,,9,7,8,,8,5,5,Summer
Kuoja,21,40315021,30.2,,25,456,,9,7,12,,12,6,6,Summer
Kuoja,22,40315022,26.8,,22,295,,1,7,10,,10,5,6,Summer
Kuoja,23,40315023,30.2,,25,390,,9,7,12,,12,7,7,Summer
Kuoja,24,40315024,25.7,,21,239,,9,7,9,,9,5,5,Summer
Kuoja,25,40315025,24.2,,19.8,212,,9,7,8,,8,4,5,Summer
Kuoja,26,40315026,25.3,,20.5,224,,1,7,10,,10,5,5,Summer
Kuoja,27,40315027,27.8,,23,302,,1,7,11,,11,5,,Summer
Kuoja,28,40315028,30.5,,25.1,402,,9,7,12,,12,,,Summer
Kuoja,29,40315029,31.2,,26,473,,9,7,12,,12,7,8,Summer
Kuoja,30,40315030,32.7,,26.8,528,,9,7,13,,13,8,9,Summer
Kuoja,31,40315031,31.7,,26,450,,9,7,12,,12,7,7,Summer
Kuoja,32,40315032,30.2,,25,397,,9,7,12,,12,7,7,Summer
Kuoja,33,40315033,27.5,,22.4,277,,1,7,11,,11,6,7,Summer
Kuoja,34,40315034,26.1,,21.5,250,,1,7,11,,11,6,6,Summer
Kuoja,35,40315035,26.8,,22.1,284,,1,7,10,,10,6,7,Summer
Kuoja,36,40315036,28.8,,23.6,330,,1,7,11,,11,7,8,Summer
Kuoja,37,40315037,32,,26,481,,9,7,13,,13,7,8,Summer
Kuoja,38,40315038,30.1,,24.6,352,,9,7,12,,12,7,9,Summer
Kuoja,39,40315039,30.3,,24.8,373,,9,7,12,,12,7,9,Summer
Kuoja,40,40315040,23.1,,18.8,149,,9,7,8,,8,4,4,Summer
Kuoja,41,40315041,22.9,,18.8,177,,9,7,8,,8,4,4,Summer
Kuoja,42,40315042,25,,21,225,,1,7,9,,9,5,5,Summer
Kuoja,1,40317001,30.2,,25.5,466,,9,7,12,,12,8,11,Summer
Kuoja,2,40317002,35.8,,29.5,728,,9,7,15,,15,10,12,Summer
Kuoja,3,40317003,33.5,,27,611,,9,7,14,,14,11,13,Summer
Kuoja,4,40317004,34.3,,28.5,564,,9,7,14,,14,9,9,Summer
Kuoja,5,40317005,33.5,,28,555,,9,7,14,,14,11,11,Summer
Kuoja,6,40317006,34,,28,607,,9,7,14,,14,10,9,Summer
Kuoja,7,40317007,32.8,,27.2,517,,9,7,12,,12,9,9,Summer
Kuoja,8,40317008,31.3,,26,454,,9,7,13,,13,9,9,Summer
Kuoja,9,40317009,33,,27.5,531,,9,7,14,,14,12,13,Summer
Kuoja,10,40317010,26.3,,21.5,274,,1,7,9,,9,8,8,Summer
Kuoja,11,40317011,17.6,,14.3,68,,9,7,6,,6,2,3,Summer
Kuoja,12,40317012,17.4,,14.5,71,,1,7,6,,6,3,4,Summer
Kuoja,13,40317013,25.8,,20.8,232,,1,7,9,,9,5,7,Summer
Kuoja,14,40317014,25.5,,21,218,,1,7,9,,9,5,6,Summer
Kuoja,15,40317015,24.3,,19.8,212,,1,7,9,,9,6,8,Summer
Kuoja,16,40317016,25.1,,20.3,238,,1,7,9,,9,6,6,Summer
Kuoja,17,40317017,26,,21.2,257,,1,7,10,,10,6,6,Summer
Kuoja,18,40317018,27,,22.5,265,,1,7,9,,9,5,6,Summer
Kuoja,19,40317019,24.3,,19.6,255,,1,7,9,,9,5,5,Summer
Kuoja,20,40317020,25.7,,20.9,231,,1,7,9,,9,6,8,Summer
Kuoja,21,40317021,26.3,,22.5,279,,1,7,9,,9,6,8,Summer
Kuoja,22,40317022,25.9,,21.5,237,,1,7,9,,9,5,6,Summer
Plakis,1,41317001,21.3,,17,126,,1,7,7,,7,,,Summer
Plakis,2,41317002,26.8,,21,230,,9,7,9,,9,,,Summer
Plakis,3,41317003,23,,18,145,,1,7,7,,7,,,Summer
Plakis,4,41317004,25.8,,20.2,208,,9,7,8,,8,,,Summer
Plakis,5,41317005,25.5,,20.4,185,,9,7,8,,8,,,Summer
Plakis,6,41317006,16.3,,13,50.5,,5,7,4,,4,,,Summer
Plakis,7,41317007,15,,11.8,40.8,,5,7,4,,4,,,Summer
Plakis,8,41317008,15.3,,11.6,40,,5,7,4,,4,,,Summer
Plakis,9,41317009,12,,9.5,19.1,,5,7,3,,3,,,Summer
Eserys,1,50317001,22.3,,19.5,158,,1,7,7,,7,2,3,Summer
Eserys,2,50317002,21,,18.3,138,,1,7,7,,7,2,3,Summer
Eserys,3,50317003,17,,14.5,78,,9,7,5,,5,1,2,Summer
Eserys,4,50317004,17.3,,14.7,68,,9,7,6,,6,2,2,Summer
Eserys,5,50317005,17.4,,15,66,,1,7,5,,5,1,2,Summer
Eserys,6,50317006,17.2,,15,72.6,,9,7,5,,5,1,2,Summer
Eserys,7,50317007,17.8,,15.3,79,,9,7,5,,5,1,2,Summer
Eserys,8,50317008,17.6,,15.2,72,,9,7,5,,5,1,2,Summer
Eserys,9,50317009,15.6,,13.5,51,,9,7,4,,4,1,1,Summer
Eserys,10,50317010,17.5,,15.2,66,,9,7,4,,4,1,2,Summer
Eserys,11,50317011,15,,12.7,42.6,,9,7,3,,3,1,1,Summer
Eserys,12,50317012,14.1,,12,39.4,,1,7,3,,3,1,2,Summer
Eserys,13,50317013,16.2,,14,53.6,,1,7,4,,4,1,1,Summer
Eserys,14,50317014,14.1,,12.1,40.9,,9,7,3,,3,1,2,Summer
Eserys,15,50317015,14,,11.7,35.4,,9,7,3,,3,1,2,Summer
Eserys,16,50317016,14.2,,12,33.3,,1,7,3,,3,1,1,Summer
Eserys,17,50317017,13.5,,11.3,32.2,,9,7,3,,3,1,1,Summer
Eserys,18,50317018,13,,11.1,26.3,,1,7,3,,3,1,1,Summer
Eserys,19,50317019,12.2,,10.5,27.1,,9,7,3,,3,1,1,Summer
Eserys,20,50317020,12.6,,10.6,26.9,,9,7,3,,3,1,1,Summer
Eserys,21,50317021,12.7,,11,26.6,,9,7,3,,3,1,2,Summer
Eserys,22,50317022,12.5,,10.7,24.2,,9,7,2,,2,1,1,Summer
Eserys,23,50317023,11.5,,9.9,18,,1,7,2,,2,1,1,Summer
Eserys,24,50317024,12.3,,10.3,23.1,,1,7,2,,2,1,1,Summer
Eserys,25,50317025,11.9,,10,21,,1,7,2,,2,1,1,Summer
Starkis,1,52317001,19.8,,17,62,,9,7,2,,2,1,1,Summer
Eserys,1,50318001,26,,23,269,,9,9,8,,8,2,4,Autumn
Eserys,2,50318002,26.2,,23,264,,9,9,8,,8,2,3,Autumn
Eserys,3,50318003,27.4,,24,298,,9,9,8,,8,2,3,Autumn
Eserys,4,50318004,20.6,,18,126,,9,9,6,,6,1,2,Autumn
Eserys,5,50318005,24.1,,21,236,,9,9,7,,7,1,3,Autumn
Eserys,6,50318006,34.3,,30.2,622,,9,9,12,,12,3,4,Autumn
Eserys,7,50318007,27.3,,24,323,,9,9,9,,9,3,4,Autumn
Eserys,8,50318008,30.7,,26.8,386,,9,9,11,,11,2,3,Autumn
Eserys,9,50318009,31.3,,27.5,469,,9,9,12,,12,3,3,Autumn
Eserys,10,50318010,29.6,,25.6,370,,9,9,11,,11,3,3,Autumn
Eserys,11,50318011,32.3,,28.3,510,,9,9,11,,11,3,3,Autumn
Eserys,12,50318012,31,,27,463,,9,9,11,,11,3,4,Autumn
Eserys,13,50318013,30.8,,27,432,,9,9,12,11,12,3,3,Autumn
Eserys,14,50318014,30.8,,26.5,423,,9,9,12,,12,4,5,Autumn
Eserys,15,50318015,26,,22.5,280,,9,9,9,,9,2,3,Autumn
Eserys,16,50318016,32.3,,28.5,553,,9,9,13,,13,3,4,Autumn
Eserys,17,50318017,31,,26.8,463,,9,9,11,,11,3,4,Autumn
Eserys,18,50318018,31,,27.5,458,,9,9,11,,11,2,3,Autumn
Eserys,19,50318019,36.9,,32,822,,9,9,14,,14,5,5,Autumn
Eserys,20,50318020,31.3,,27.5,475,,9,9,12,,12,3,4,Autumn
Eserys,21,50318021,31.8,,27.8,468,,9,9,11,,11,3,3,Autumn
Eserys,22,50318022,31.5,,28,466,,9,9,10,,10,3,3,Autumn
Eserys,23,50318023,32.1,,28.4,488,,9,9,11,,11,3,3,Autumn
Eserys,24,50318024,32.8,,28.5,557,,9,9,12,,12,4,4,Autumn
Eserys,25,50318025,27.8,,23.3,271,,9,9,9,9,9,3,4,Autumn
Eserys,26,50318026,30.3,,26.5,398,,9,9,10,,10,3,3,Autumn
Eserys,27,50318027,29.3,,25.7,379,,9,9,10,,10,2,4,Autumn
Eserys,28,50318028,32.5,,28.5,631,,9,9,12,11,12,2,3,Autumn
Eserys,29,50318029,23.6,,20.6,214,,9,9,8,7,8,,,Autumn
Eserys,30,50318030,32.6,,28.6,600,,9,9,11,,11,3,3,Autumn
Eserys,31,50318031,34.5,,30,667,,9,9,12,,12,4,5,Autumn
Eserys,32,50318032,27.6,,24,349,,9,9,9,9,9,3,4,Autumn
Eserys,33,50318033,27.3,,24,301,,9,9,9,,9,2,3,Autumn
Eserys,34,50318034,29.9,,26.3,369,,9,9,10,,10,3,3,Autumn
Eserys,35,50318035,25,,21.8,250,,9,9,8,8,8,2,3,Autumn
Eserys,36,50318036,27.8,,24.5,320,,9,9,9,,9,2,3,Autumn
Eserys,37,50318037,28.6,,25,379,,9,9,9,,9,3,3,Autumn
Eserys,38,50318038,30.6,,26.5,400,,9,9,10,,10,3,4,Autumn
Eserys,39,50318039,30.1,,26,429,,9,9,10,,10,3,3,Autumn
Eserys,40,50318040,25.6,,22.5,248,,9,9,8,,8,2,2,Autumn
Eserys,41,50318041,34.8,,30.5,697,,9,9,12,,12,4,5,Autumn
Eserys,42,50318042,25.3,,22,251,,1,9,8,,8,2,3,Autumn
Eserys,43,50318043,27.7,,24.5,317,,9,9,9,,9,2,2,Autumn
Eserys,44,50318044,24.7,,21.5,219,,9,9,8,,8,2,2,Autumn
Eserys,45,50318045,25.4,,22.2,259,,9,9,7,,7,2,2,Autumn
Eserys,46,50318046,28.5,,25,370,,9,9,9,,9,2,3,Autumn
Eserys,47,50318047,28.7,,25,348,,9,9,9,,9,2,3,Autumn
Eserys,48,50318048,34,,30,633,,9,9,12,,12,4,5,Autumn
Eserys,1,50320001,25.5,,22.3,298,,9,9,8,,8,,,Autumn
Eserys,2,50320002,25.2,,22,228,,1,9,8,,8,,,Autumn
Eserys,3,50320003,30.5,,26.3,435,,1,9,11,,11,,,Autumn
Eserys,4,50320004,28.4,,24.5,355,,9,9,9,,9,,,Autumn
Eserys,5,50320005,27,,23.5,325,,9,9,9,,9,,,Autumn
Eserys,6,50320006,32.5,,28.5,597,,9,9,11,,11,,,Autumn
Eserys,7,50320007,29.9,,26.3,395,,9,9,10,,10,,,Autumn
Eserys,8,50320008,15.7,,13.2,55,,1,9,3,,3,,,Autumn
Eserys,9,50320009,25.2,,22,238,,9,9,9,,9,,,Autumn
Eserys,10,50320010,27,,23.8,299,,9,9,9,,9,,,Autumn
Eserys,11,50320011,27,,23.5,275,,9,9,9,,9,,,Autumn
Eserys,12,50320012,24.8,,22,238,,1,9,8,,8,,,Autumn
Eserys,13,50320013,25.6,,22.5,254,,9,9,8,,8,,,Autumn
Eserys,14,50320014,12,,10.3,24.6,,1,9,2,,2,,,Autumn
Starkis,1,52318001,28.1,,24.5,207,,9,9,3,,3,1,2,Autumn
Starkis,2,52318002,45.5,,40,742,,9,9,5,,5,2,3,Autumn
Starkis,3,52318003,45,,39,772,,9,9,4,,4,2,3,Autumn
Starkis,4,52318004,46.2,,40,797,,1,9,5,,5,2,3,Autumn
Starkis,5,52318005,44.7,,39.3,738,,1,9,5,,5,2,3,Autumn
Starkis,6,52318006,45.6,,39.8,778,,9,9,4,,4,2,3,Autumn
Starkis,1,52320001,26.6,,23,144,,5,9,2,,2,1,,Autumn
Starkis,2,52320002,36.8,,32,427,,1,9,3,,3,2,,Autumn
Starkis,1,52322001,43.8,,38,746,,9,9,5,,5,2,,Autumn
Kuoja,1,40318001,32.3,,26.5,484,,9,9,13,13,13,8,8,Autumn
Kuoja,2,40318002,30.7,,25.3,376,,9,9,12,11,12,9,8,Autumn
Kuoja,3,40318003,31.3,,26,416,,9,9,13,,13,5,7,Autumn
Kuoja,4,40318004,31,,25.6,388,,9,9,13,12,13,6,6,Autumn
Kuoja,5,40318005,28.7,,23.3,333,,9,9,11,11,11,9,9,Autumn
Kuoja,6,40318006,33.4,,27.5,498,,9,9,13,13,13,8,9,Autumn
Kuoja,7,40318007,35.5,,30,610,,9,9,15,14,15,9,9,Autumn
Kuoja,8,40318008,36.6,,30.3,666,,9,9,15,14,15,10,10,Autumn
Kuoja,9,40318009,31,,25.4,432,,9,9,12,12,12,6,6,Autumn
Kuoja,10,40318010,28.1,,23.2,312,,9,9,11,,11,6,6,Autumn
Kuoja,11,40318011,29.3,,24,376,,9,9,12,11,12,5,5,Autumn
Kuoja,12,40318012,31.2,,25.5,428,,9,9,13,12,13,7,7,Autumn
Kuoja,13,40318013,31,,25.5,397,,9,9,12,12,12,8,7,Autumn
Kuoja,14,40318014,30.2,,25,400,,9,9,11,11,11,7,7,Autumn
Kuoja,15,40318015,36,,29.3,611,,9,9,15,14,15,12,13,Autumn
Kuoja,16,40318016,35.7,,30,715,,9,9,15,14,15,10,11,Autumn
Plakis,1,41318001,27.1,,21.6,249,,9,9,10,10,0,,,Autumn
Plakis,2,41318002,25.5,,20.7,211,,9,9,8,9,-1,,,Autumn
Plakis,,,24.5,,19.5,196,,9,9,,,0,,,Autumn
Plakis,,,24.7,,19.7,193,,9,9,,,0,,,Autumn
Plakis,,,24,,19,181,,9,9,,,0,,,Autumn
Plakis,,,23.5,,18.3,180,,9,9,,,0,,,Autumn
Plakis,3,41318003,25.2,,19.5,204,,9,9,8,8,0,,,Autumn
Plakis,,,24.6,,19.2,191,,9,9,,,0,,,Autumn
Plakis,,,23.3,,18.4,167,,9,9,,,0,,,Autumn
Plakis,4,41318004,25.4,,19.7,192,,9,9,9,9,0,,,Autumn
Plakis,5,41318005,27,,21.5,256,,9,9,9,10,-1,,,Autumn
Plakis,6,41318006,25.7,,20.2,214,,9,9,8,9,-1,,,Autumn
Plakis,7,41318007,31.5,,25.2,395,,9,9,13,12,1,,,Autumn
Plakis,8,41318008,26.3,,20.7,234,,9,9,8,10,-2,,,Autumn
Plakis,9,41318009,23.1,,18,154,,1,9,7,7,0,,,Autumn
Plakis,,,25,,20,207,,9,9,,,0,,,Autumn
Plakis,,,24.8,,20,199,,9,9,,,0,,,Autumn
Plakis,,,23.3,,18.4,181,,9,9,,,0,,,Autumn
Plakis,,,23.7,,18.7,167,,9,9,,,0,,,Autumn
Plakis,10,41318010,25.5,,20,187,,1,9,8,9,-1,,,Autumn
Plakis,11,41318011,24.4,,19,164,,1,9,8,8,0,,,Autumn
Plakis,,,23.5,,18.5,175,,9,9,,,0,,,Autumn
Plakis,12,41318012,27.3,,21.3,269,,9,9,10,10,0,,,Autumn
Plakis,13,41318013,28.5,,22.5,276,,9,9,10,11,-1,,,Autumn
Plakis,,,23.4,,18.3,180,,9,9,,,0,,,Autumn
Plakis,,,22.5,,18.2,153,,9,9,,,0,,,Autumn
Kuoja,,,28.3,,23.3,335,,9,9,,,0,,,Autumn
Kuoja,1,40319001,33.1,,27.7,508,,9,9,13,,13,7,7,Autumn
Kuoja,2,40319002,35.3,,29.5,659,,9,9,14,,14,10,10,Autumn
Kuoja,3,40319003,31.3,,25.8,432,,9,9,12,13,12,6,7,Autumn
Kuoja,4,40319004,26.9,,22,262,,9,9,10,,10,6,6,Autumn
Kuoja,,,29.2,,24.5,336,,9,9,,,0,,,Autumn
Kuoja,,,28,,23,268,,9,9,,,0,,,Autumn
Kuoja,,,29.2,,24,426,,9,9,,,0,,,Autumn
Kuoja,,,29.5,,24.3,359,,9,9,,,0,,,Autumn
Kuoja,5,40319005,30.4,,24.8,366,,9,9,12,,12,7,8,Autumn
Kuoja,,,28.3,,23.3,306,,9,9,,,0,,,Autumn
Kuoja,,,29.3,,24.3,345,,9,9,,,0,,,Autumn
Kuoja,,,28.5,,23,328,,9,9,,,0,,,Autumn
Kuoja,6,40319006,25.7,,21,233,,9,9,9,,9,4,7,Autumn
Kuoja,7,40319007,13.3,,10.9,27.8,,9,9,4,,4,1,2,Autumn
Plakis,1,41319001,26,,20.7,241,,9,9,8,,8,,,Autumn
Plakis,2,41319002,25.8,,20,240,,9,9,8,,8,,,Autumn
Starkis,1,52319001,54.3,,47.3,1457,,1,9,6,7,-1,3,3,Autumn
Starkis,2,52319002,59.7,,51.5,2046,,9,9,7,8,-1,3,3,Autumn
Starkis,3,52319003,31.7,,27.5,243,,9,9,3,3,0,1,2,Autumn
Starkis,4,52319004,31.2,,27.2,239,,1,9,3,3,0,1,2,Autumn
Starkis,5,52319005,30.5,,26,225,,1,9,3,3,0,1,2,Autumn
Starkis,6,52319006,26.2,,22.3,140,,9,9,2,3,-1,1,1,Autumn
Starkis,7,52319007,27.3,,23.5,162,,9,9,2,3,-1,1,1,Autumn
Starkis,8,52319008,26.3,,22.3,144,,9,9,-,,#VALUE!,1,1,Autumn
Starkis,9,52319009,29.5,,25,188,,9,9,3,3,0,1,1,Autumn
Starkis,10,52319010,29,,25,183,,9,9,3,3,0,1,1,Autumn
Starkis,11,52319011,25.3,,21.5,126,,1,9,2,3,-1,1,1,Autumn
Starkis,12,52319012,28.5,,24.5,179,,1,9,3,3,0,1,2,Autumn
Starkis,13,52319013,28.6,,24.5,182,,9,9,3,3,0,1,1,Autumn
Starkis,14,52319014,26.6,,22.6,166,,1,9,2,3,-1,1,1,Autumn
Starkis,15,52319015,29.3,,25,210,,1,9,3,3,0,1,1,Autumn
Starkis,16,52319016,27.8,,24,172,,1,9,3,3,0,1,1,Autumn
Starkis,17,52319017,34,,29.5,325,,1,9,4,3,1,1,2,Autumn
Starkis,18,52319018,33.8,,29,249,,9,9,4,3,1,2,2,Autumn
Starkis,19,52319019,28.4,,24.5,188,,1,9,3,3,0,1,1,Autumn
Starkis,20,52319020,29,,25,198,,1,9,3,,3,1,2,Autumn
Starkis,21,52319021,29.3,,25,200,,9,9,3,,3,1,1,Autumn
Starkis,22,52319022,29.8,,25.8,217,,9,9,3,,3,1,1,Autumn
Starkis,23,52319023,32.3,,28,295,,1,9,3,,3,1,2,Autumn
Eserys,1,50319001,31,,27,466,,9,9,10,,10,3,4,Autumn
Eserys,2,50319002,33.8,,29.5,682,,1,9,11,,11,4,4,Autumn
Eserys,3,50319003,30.4,,27,389,,9,9,9,,9,5,5,Autumn
Eserys,4,50319004,29.5,,26,389,,9,9,9,,9,3,3,Autumn
Eserys,5,50319005,25.6,,22.5,270,,9,9,8,,8,2,2,Autumn
Eserys,6,50319006,27.1,,24,312,,9,9,8,,8,2,3,Autumn
Eserys,7,50319007,26.2,,23,241,,9,9,8,,8,4,4,Autumn
Eserys,8,50319008,25.3,,22,238,,9,9,7,,7,3,3,Autumn
Eserys,,,26.7,,23.3,269,,9,9,,,0,,,Autumn
Eserys,,,26.5,,23.2,251,,9,9,,,0,,,Autumn
Eserys,9,50319009,24.9,,22,224,,1,9,7,,7,3,3,Autumn
Eserys,10,50319010,24.3,,21.3,187,,9,9,7,,7,2,2,Autumn
Eserys,,,25.3,,22,255,,9,9,,,0,,,Autumn
Eserys,,,25.2,,22,209,,9,9,,,0,,,Autumn
Eserys,11,50319011,24.8,,21.5,212,,9,9,7,,7,3,3,Autumn
Eserys,12,50319012,23.8,,21,206,,9,9,7,7,7,2,2,Autumn
Eserys,13,50319013,23.2,,20.2,199,,1,9,7,,7,3,2,Autumn
Eserys,14,50319014,24,,21.5,207,,9,9,7,,7,3,3,Autumn
Eserys,15,50319015,23.6,,20.7,182,,9,9,7,,7,2,2,Autumn
Eserys,16,50319016,23.4,,20.5,182,,9,9,7,,7,2,2,Autumn
Eserys,17,50319017,24.3,,21.3,186,,9,9,7,,7,2,2,Autumn
Eserys,18,50319018,22.3,,19,172,,1,9,7,,7,3,3,Autumn
Eserys,19,50319019,22.4,,19.7,164,,9,9,7,,7,2,2,Autumn
Eserys,20,50319020,21.8,,19,160,,9,9,6,,6,2,2,Autumn
Eserys,21,50319021,21.5,,18.8,140,,9,9,6,,6,2,2,Autumn
Eserys,22,50319022,21.2,,18.5,146,,9,9,6,,6,3,3,Autumn
Eserys,23,50319023,21.5,,19,133,,9,9,6,,6,2,2,Autumn
Eserys,24,50319024,22.2,,19.3,139,,9,9,6,,6,2,3,Autumn
Eserys,25,50319025,13.4,,11.6,34.2,,1,9,2,,2,1,1,Autumn
Eserys,26,50319026,12.3,,10.3,25.2,,9,9,2,,2,1,1,Autumn
Eserys,27,50319027,18.2,,15.5,94,,9,9,5,,5,1,2,Autumn
Eserys,28,50319028,18,,15.5,93,,9,9,5,,5,1,1,Autumn
Eserys,,,20.5,,18,148,,9,9,,,0,,,Autumn
Eserys,,,21.3,,18.3,149,,9,9,,,0,,,Autumn
Eserys,,,20.7,,18,118,,9,9,,,0,,,Autumn
Eserys,,,21.1,,18.3,110,,9,9,,,0,,,Autumn
Eserys,,,21.5,,18.6,144,,9,9,,,0,,,Autumn
Eserys,,,20.9,,18.3,137,,9,9,,,0,,,Autumn
Eserys,29,50319029,20,,17.5,117,,9,9,6,,6,2,2,Autumn
Eserys,,,20.1,,17.5,114,,9,9,,,0,,,Autumn
Eserys,30,50319030,19.9,,17.3,114,,9,9,6,,6,1,2,Autumn
Eserys,,,21.3,,18.2,110,,9,9,,,0,,,Autumn
Eserys,31,50319031,19.8,,17,114,,9,9,6,,6,2,2,Autumn
Eserys,32,50319032,20.5,,17.7,122,,1,9,6,,6,1,2,Autumn
Eserys,33,50319033,20,,17.5,115,,1,9,6,,6,1,2,Autumn
Eserys,,,20.8,,18,112,,9,9,,,0,,,Autumn
Eserys,34,50319034,20.2,,17.5,111,,1,9,6,,6,2,2,Autumn
Eserys,,,21.2,,18.5,116,,9,9,,,0,,,Autumn
Eserys,,,20.2,,17.4,114,,9,9,,,0,,,Autumn
Eserys,35,50319035,19.7,,17.1,101,,9,9,6,,6,1,2,Autumn
Eserys,,,20.2,,18,122,,9,9,,,0,,,Autumn
Eserys,36,50319036,19.4,,17,111,,9,9,6,,6,1,2,Autumn
Eserys,37,50319037,19.2,,17,100,,1,9,5,,5,2,2,Autumn
Eserys,38,50319038,19.7,,17,114,,9,9,6,,6,1,2,Autumn
Eserys,39,50319039,20,,17.5,114,,1,9,6,,6,1,2,Autumn
Eserys,40,50319040,19.7,,17.6,112,,9,9,5,,5,1,2,Autumn
Eserys,41,50319041,18.3,,16,86,,1,9,5,,5,2,2,Autumn
Plakis,,,20.4,,16,96,,9,9,,,0,,,Autumn
Plakis,,,21.3,,16.8,113,,9,9,,,0,,,Autumn
Plakis,,,22.2,,18.5,119,,9,9,,,0,,,Autumn
Plakis,,,21.5,,18,134,,9,9,,,0,,,Autumn
Plakis,,,18.2,,14.2,70,,9,9,,,0,,,Autumn
Plakis,1,41319003,27.3,,21.3,240,,9,9,9,,9,,,Autumn
Plakis,,,19.5,,15.3,89,,9,9,,,0,,,Autumn
Plakis,2,41319004,23.8,,18.5,161,,1,9,7,,7,,,Autumn
Plakis,,,22.2,,17.2,120,,9,9,,,0,,,Autumn
Plakis,,,18.4,,14.4,65,,9,9,,,0,,,Autumn
Plakis,,,18.2,,14.5,73,,9,9,,,0,,,Autumn
Plakis,,,18.5,,15,72,,9,9,,,0,,,Autumn
Plakis,,,18.1,,14.3,69,,9,9,,,0,,,Autumn
Plakis,,,18.5,,14.5,79,,9,9,,,0,,,Autumn
Plakis,,,19.1,,15.1,78,,9,9,,,0,,,Autumn
Plakis,,,21.8,,17,119,,9,9,,,0,,,Autumn
Plakis,,,19.3,,15.3,90,,9,9,,,0,,,Autumn
Plakis,,,23.5,,18,127,,9,9,,,0,,,Autumn
Plakis,,,21.1,,16.2,99,,9,9,,,0,,,Autumn
Plakis,,,19.1,,15,78,,9,9,,,0,,,Autumn
Plakis,,,19.8,,15.5,85,,9,9,,,0,,,Autumn
Plakis,3,41319005,27.5,,22,248,,9,9,9,,9,,,Autumn
Plakis,,,20.5,,16,92,,9,9,,,0,,,Autumn
Plakis,4,41319006,21.8,,17,124,,1,9,7,,7,,,Autumn
Plakis,,,19.2,,15.3,73,,9,9,,,0,,,Autumn
Plakis,,,21.2,,16.6,108,,9,9,,,0,,,Autumn
Plakis,5,41319007,21.2,,16,93,,1,9,6,,6,,,Autumn
Plakis,,,19.1,,15.1,79,,9,9,,,0,,,Autumn
Plakis,,,19,,15.2,75,,9,9,,,0,,,Autumn
Plakis,,,21.5,,16.8,113,,9,9,,,0,,,Autumn
Plakis,,,19.8,,15.5,84,,9,9,,,0,,,Autumn
Plakis,,,18.5,,14.5,70,,9,9,,,0,,,Autumn
Plakis,,,22.3,,17.7,125,,9,9,,,0,,,Autumn
Plakis,,,19.1,,15.1,87,,9,9,,,0,,,Autumn
Plakis,,,21,,16.5,110,,9,9,,,0,,,Autumn
Plakis,,,20,,15.7,88,,9,9,,,0,,,Autumn
Plakis,,,19.1,,15,78,,9,9,,,0,,,Autumn
Plakis,,,19.2,,15,89,,9,9,,,0,,,Autumn
Plakis,,,19.2,,15.3,83,,9,9,,,0,,,Autumn
Plakis,,,21,,16.7,113,,9,9,,,0,,,Autumn
Kuoja,,,22.9,,18.7,166,,9,9,,,0,,,Autumn
Kuoja,,,21.7,,17.7,138,,9,9,,,0,,,Autumn
Kuoja,,,21.7,,17.5,113,,9,9,,,0,,,Autumn
Kuoja,1,40319008,22.3,,17.7,104,,1,9,7,,7,3,4,Autumn
Kuoja,2,40319009,23.2,,19,126,,1,9,7,,7,4,4,Autumn
Kuoja,3,40319010,24.2,,19.8,117,,1,9,7,,7,4,4,Autumn
Kuoja,,,23,,18.5,130,,9,9,,,0,,,Autumn
Kuoja,,,21.5,,17.7,123,,9,9,,,0,,,Autumn
Kuoja,,,24,,19.6,153,,9,9,,,0,,,Autumn
Kuoja,,,22.2,,18.1,144,,9,9,,,0,,,Autumn
Kuoja,,,23.7,,19.6,184,,9,9,,,0,,,Autumn
Kuoja,4,40319011,23,,19,121,,1,9,7,,7,4,,Autumn
Kuoja,,,21.3,,17.5,121,,9,9,,,0,,,Autumn
Kuoja,5,40319012,20.5,,16.5,100,,1,9,6,,6,,,Autumn
Kuoja,6,40319013,24.5,,19.8,140,,1,9,7,,7,4,,Autumn
Starkis,24,52319024,29.5,,25.5,222,,9,9,3,,3,1,2,Autumn
Starkis,1,52320001,57.5,,51,1795,,9,9,7,,7,3,3,Autumn
Starkis,2,52320002,47,,41,863,,9,9,5,,5,2,3,Autumn
Starkis,3,52320003,47.5,,41.5,856,,1,9,5,,5,2,3,Autumn
Starkis,4,52320004,43,,37,615,,1,9,5,,5,2,3,Autumn
Starkis,5,52320005,32.5,,28,270,,9,9,4,,4,1,2,Autumn
Plakis,1,41321001,23,,18.3,172,,1,7,8,7,1,,,Summer
Plakis,2,41321002,25.5,,20.3,216,,9,7,9,9,0,,,Summer
Plakis,3,41321003,16.5,,13.1,58,,9,7,5,5,0,,,Summer
Plakis,4,41321004,16,,12.7,53,,9,7,5,5,0,,,Summer
Plakis,5,41321005,16.9,,13.3,56,,9,7,5,5,0,,,Summer
Plakis,6,41321006,15.8,,12.2,48,,9,7,4,5,-1,,,Summer
Plakis,7,41321007,14,,11,30.8,,5,7,4,4,0,,,Summer
Plakis,8,41321008,15,,11.7,39,,5,7,5,4,1,,,Summer
Plakis,9,41321009,14.3,,11.6,33.9,,9,7,4,4,0,,,Summer
Plakis,10,41321010,14,,11.1,36.2,,5,7,4,4,0,,,Summer
Plakis,11,41321011,14.6,,11.5,35.2,,5,7,5,4,1,,,Summer
Plakis,12,41321012,13.8,,10.8,28.5,,5,7,4,4,0,,,Summer
Plakis,13,41321013,13.4,,10.5,25.3,,5,7,4,3,1,,,Summer
Plakis,14,41321014,12.9,,10.5,28.2,,5,7,3,3,0,,,Summer
Plakis,15,41321015,12,,9.6,20.4,,5,7,3,3,0,,,Summer
Plakis,16,41321016,11.6,,9.2,17.7,,5,7,3,2,1,,,Summer
Plakis,17,41321017,10.6,,8.4,13.8,,5,7,2,2,0,,,Summer
Plakis,18,41321018,10.5,,8.3,12.7,,5,7,2,2,0,,,Summer
Plakis,19,41321019,12.5,,9.6,21.3,,5,7,3,3,0,,,Summer
Starkis,1,52321001,29,,25,227,,9,7,3,,3,1,2,Summer
Starkis,2,52321002,25.7,,22.2,146,,9,7,2,,2,1,2,Summer
Starkis,3,52321003,24.2,,20.5,131,,1,7,2,,2,1,1,Summer
Eserys,1,50321001,14.3,,12,27,,1,7,4,,4,1,1,Summer
Eserys,2,50321002,14,,12,34,,1,7,4,,4,1,1,Summer
Eserys,3,50321003,13,,11.1,30.5,,1,7,3,,3,1,2,Summer
Eserys,4,50321004,12.6,,10.6,25.6,,1,7,3,,3,1,1,Summer
Eserys,5,50321005,12.9,,11.2,26.3,,1,7,3,,3,1,1,Summer
Eserys,6,50321006,13,,11.1,37,,9,7,2,,2,1,1,Summer
Eserys,7,50321007,12.3,,10.5,24.5,,1,7,3,,3,1,1,Summer
Eserys,8,50321008,12.7,,10.8,24.5,,9,7,3,,3,1,1,Summer
Eserys,9,50321009,11.6,,10,21.7,,9,7,2,2,2,1,1,Summer
Eserys,10,50321010,11,,9.2,16.8,,1,7,2,2,2,1,1,Summer
Eserys,11,50321011,10.9,,9.1,19,,1,7,1,2,1,1,1,Summer
Eserys,12,50321012,10.3,,8.7,14.6,,9,7,1,,1,1,1,Summer
Kuoja,1,40321001,26.5,,21.7,261,,1,7,10,,10,5,5,Summer
Kuoja,2,40321002,25.7,,21,270,,1,7,9,,9,6,6,Summer
Kuoja,3,40321003,17.3,,14,66,,1,7,5,,5,2,3,Summer
Kuoja,4,40321004,16.3,,13.3,55,,9,7,5,,5,1,2,Summer
Kuoja,5,40321005,17.7,,14.3,70,,9,7,5,,5,2,2,Summer
Kuoja,6,40321006,17.5,,14.2,60.5,,9,7,5,,5,2,2,Summer
Kuoja,7,40321007,17.9,,14.3,65,,9,7,5,,5,2,,Summer
Kuoja,8,40321008,17,,13.8,64,,9,7,5,,5,2,,Summer
Kuoja,9,40321009,15.1,,12.7,47.4,,1,7,4,,4,2,3,Summer
Kuoja,10,40321010,17.5,,14.2,66,,1,7,5,,5,2,3,Summer
Kuoja,11,40321011,16,,12.8,46,,1,7,4,,4,2,2,Summer
Kuoja,12,40321012,18,,14.5,64,,1,7,5,,5,2,,Summer
Kuoja,13,40321013,17.3,,14.1,62,,1,7,5,,5,2,3,Summer
Kuoja,14,40321014,17.1,,14,61,,9,7,5,,5,2,,Summer
Kuoja,15,40321015,16.2,,13.2,53,,9,7,5,,5,3,4,Summer
Kuoja,16,40321016,17.2,,13.7,65,,1,7,5,,5,2,2,Summer
Kuoja,17,40321017,17,,14,61,,1,7,5,,5,1,,Summer
Kuoja,18,40321018,15,,12,46,,1,7,4,,4,1,,Summer
Kuoja,19,40321019,16.4,,13.3,53,,9,7,5,,5,2,3,Summer
Kuoja,20,40321020,16.1,,13.3,54,,1,7,5,,5,2,3,Summer
Kuoja,21,40321021,16.1,,13.3,51,,9,7,4,,4,2,3,Summer
Kuoja,22,40321022,15.5,,12.5,49,,1,7,4,,4,2,3,Summer
Kuoja,23,40321023,16,,13,47,,1,7,4,,4,2,3,Summer
Kuoja,24,40321024,15,,12.2,39,,1,7,4,4,4,2,3,Summer
Kuoja,25,40321025,14.4,,11.7,34,,1,7,4,4,4,2,2,Summer
Kuoja,26,40321026,13.1,,10.5,26.4,,1,7,3,3,3,2,2,Summer
Kuoja,27,40321027,13.4,,10.8,26.2,,1,7,3,3,3,2,2,Summer
Kuoja,28,40321028,14,,11.3,27.7,,1,7,3,4,3,3,3,Summer
Kuoja,29,40321029,14.7,,12,35.2,,1,7,4,4,4,3,3,Summer
Kuoja,30,40321030,13.5,,11,26.2,,1,7,3,3,3,2,2,Summer
Kuoja,31,40321031,13.4,,11,27,,5,7,3,,3,2,2,Summer
Kuoja,32,40321032,12.6,,10.2,23.3,,1,7,3,2,3,2,2,Summer
Kuoja,33,40321033,12,,9.6,19.2,,9,7,2,2,2,2,2,Summer
Kuoja,34,40321034,11.5,,9.2,17.9,,1,7,2,2,2,1,1,Summer
Kuoja,35,40321035,11,,9,16.8,,1,7,1,2,1,1,1,Summer
Kuoja,36,40321036,11,,9,17,,9,7,1,2,1,2,,Summer
Kuoja,37,40321037,11.7,,9.5,19.8,,9,7,1,2,1,2,2,Summer
Kuoja,38,40321038,11.2,,9.1,14,,9,7,1,,1,2,2,Summer
